2487,5955,0.000621836822121,Castellon,Igarka,ESP,RUS,39.96667,0.01667,67.5,86.66667,1,18.5,0.14,37.76,0
2762,2186,0.017824750443,Aalborg,Nuuk,DNK,GRL,57.05,9.91667,64.16667,-51.73333,101,9.57,1.37,27.65,32.31
1697,3218,0.000332183358083,Bremerhaven,Reykjavik,DEU,ISL,53.55,8.58333,64.14972,-21.9475,10,10.74,6.52,27.33,34.7
843,4729,0.375357161784,Amsterdam,Narvik,NLD,NOR,52.36667,4.9,68.43333,17.43333,56,11.22,3.55,9.95,4.16
1803,5241,0.0294322643835,St. Eustatius,Murmansk,ANT,RUS,17.48333,-62.98333,68.96667,33.08333,1,27.26,3.37,35.37,6.55
2490,1235,0.000117854588217,Maaloy,Eskifjordur,NOR,ISL,61.91667,5.11667,65.08333,-13.98333,2,8.12,4.24,17.88,34.53
4872,1142,0.000137627836882,Ibiza,Torshavn,ESP,FRO,38.9,1.46667,62,-6.75,7,18.95,8.39,37.48,35.17
2490,1142,8.37575053856e-05,Maaloy,Torshavn,NOR,FRO,61.91667,5.11667,62,-6.75,8,8.12,8.39,17.88,35.17
1503,53,0.0445738988243,Charleston,Grundartangi,USA,ISL,32.78333,-79.93333,64.35,-21.78333,2,20.78,5.13,20.09,24.33
1678,4602,8.22063042848e-05,Glasgow,Neskaupstadur,GBR,ISL,55.86667,-4.28333,65.15,-13.68333,1,10.25,4.59,0.57,34.3
4444,1671,7.87892022173e-05,Grangemouth,Akranes,GBR,ISL,56.03333,-3.68333,64.31667,-22.08333,1,10.58,7.29,11.94,34.65
5808,1142,0.00463526024545,Stavanger,Torshavn,NOR,FRO,58.96667,5.73333,62,-6.75,83,8.9,8.39,30.8,35.17
5363,1142,0.000917992341381,Klaipeda,Torshavn,LTU,FRO,55.71667,21.13333,62,-6.75,8,9.09,8.39,6.66,35.17
5808,2548,7.12602970069e-05,Stavanger,Akureyri,NOR,ISL,58.96667,5.73333,65.68333,-18.05,8,8.9,4.9,30.8,18.37
2992,3371,0.043752009794,Abidjan,Nanisivik,CIV,CAN,5.3,-4,73.06667,-84.55,1,27.09,0,18.37,7.54
5053,5066,8.1752498429e-05,Mariager,Harstad,DNK,NOR,56.65,9.98333,68.8,16.55,1,9.47,7,21.97,33.69
5945,5082,7.89863463023e-05,Vejle,Tromso,DNK,NOR,55.71667,9.55,69.65,18.96667,1,9.42,4.14,19.72,12.35
2754,4729,0.00172946807759,Plymouth,Narvik,GBR,NOR,50.36667,-4.18333,68.43333,17.43333,1,12.46,3.55,35.2,4.16
5222,1142,7.90162832933e-05,Vaasa,Torshavn,FIN,FRO,63.1,21.61667,62,-6.75,1,5.8,8.39,5,35.17
4942,5439,8.90568567736e-05,Terneuzen,Finnsnes,NLD,NOR,51.33333,3.81667,69.23333,17.96667,2,12.1,5.19,14.36,10.3
3880,4729,0.771902624969,Bremen,Narvik,DEU,NOR,53.08333,8.78333,68.43333,17.43333,195,10.94,3.55,27.33,4.16
2823,4810,0.000408871539909,Aarhus,Saudarkrokur,DNK,ISL,56.15,10.21667,65.75,-19.6,2,9.62,4.9,20.52,34.38
66,604,8.88345774385e-05,Lancaster,Isafjordur,GBR,ISL,54,-2.85,66.08333,-23.1,1,11.33,5.31,19.84,34.49
947,2812,0.000328912345203,Aardalstangen,Kandalaksha,NOR,RUS,61.23333,7.7,67.13333,32.43333,6,3.44,3.09,0,21.66
5025,1128,0.000837300305299,Emden,Sorreisa,DEU,NOR,53.35,7.18333,69.13333,18.13333,1,10.93,3.37,23.26,4.3
2490,3507,0.000110445183012,Maaloy,Seydhisfjordur,NOR,ISL,61.91667,5.11667,65.25,-13.91667,3,8.12,4.1,17.88,23.89
607,2654,0.000122938135911,Randers,Reydharfjordur,DNK,ISL,56.46667,10.05,65.0333,-14.2167,1,9.47,6.015,21.97,34.471
5019,5066,0.00231629992572,Dundee,Harstad,GBR,NOR,56.46667,-2.96667,68.8,16.55,5,9.01,7,34.06,33.69
2762,7820,0.000215138911241,Aalborg,Tasiusaq,DNK,GRL,57.05,9.91667,73.36667,-56.06667,8,9.57,0.95,27.65,32.67
1320,3218,0.000167198057092,Hirtshals,Reykjavik,DNK,ISL,57.6,9.96667,64.14972,-21.9475,11,9.71,6.52,31.44,34.7
693,4317,7.25527286017e-05,Porsgrunn,Svolvaer,NOR,NOR,59.13333,9.65,68.23333,14.56667,1,7.63,6.05,8.71,32.82
576,4729,0.5696955789,Antwerp,Narvik,BEL,NOR,51.24472,4.41139,68.43333,17.43333,42,11.97,3.55,0.31,4.16
4492,1235,0.000207140160867,London,Eskifjordur,GBR,ISL,51.5,-0.06667,65.08333,-13.98333,2,12.22,4.24,2.15,34.53
5106,5082,0.000317572373195,Aveiro,Tromso,PRT,NOR,40.65,-8.75,69.65,18.96667,17,17.6,4.14,35.52,12.35
3346,6311,0.0429557153592,Matsushima,Red Dog,JPN,USA,32.93333,129.6,67.58333,-164.05,1,20.42,0.36,34.1,30.12
3257,3218,0.0152131467147,Tallinn,Reykjavik,EST,ISL,59.45,24.75,64.14972,-21.9475,11,7.27,6.52,5.81,34.7
5952,3621,0.00012415330356,Leith,Grindavik,GBR,ISL,55.98333,-3.16667,63.83333,-22.43333,1,10.08,7.22,33.97,34.68
4538,2548,0.000163186432237,Ghent,Akureyri,BEL,ISL,51.08806,3.74528,65.68333,-18.05,3,12.14,4.9,1.55,18.37
1080,5241,0.031129308123,Tarragona,Murmansk,ESP,RUS,41.1,1.23333,68.96667,33.08333,1,17.88,3.37,37.79,6.55
1669,4317,0.00014401783365,Sfax,Svolvaer,TUN,NOR,34.73333,10.76667,68.23333,14.56667,2,20.47,6.05,37.69,32.82
42,3469,0.000123418178098,Immingham,Hammerfest,GBR,NOR,53.63333,-0.18333,70.66667,23.66667,2,9.97,6.16,33.48,34.44
2567,173,0.00112127182267,Point Lisas,Glomfjord,TTO,NOR,10.4,-61.5,66.81667,13.61667,2,26.85,7.52,29.4,17.19
3695,1142,0.00060314974998,Trondheim,Torshavn,NOR,FRO,63.43333,10.4,62,-6.75,4,6.98,8.39,3.06,35.17
158,1835,0.0297189961432,Burntisland,Kjopsvik,GBR,NOR,56.05,-3.23333,68.08333,16.38333,1,10.19,6.91,25.2,14.7
4714,3469,0.0001069387525,Larvik,Hammerfest,NOR,NOR,59.05,10.03333,70.66667,23.66667,3,8.27,6.16,28.21,34.44
4714,4158,0.000120633923261,Larvik,Faskrudhsfjordur,NOR,ISL,59.05,10.03333,64.9295,-14.0119,1,8.27,6.015,28.21,34.471
3798,1220,0.00154937208901,Mongstad,Hafnarfjordur,NOR,ISL,60.81667,5.03333,64.06667,-21.91667,4,9.17,6.52,16.87,34.7
42,3218,0.00247947373929,Immingham,Reykjavik,GBR,ISL,53.63333,-0.18333,64.14972,-21.9475,229,9.97,6.52,33.48,34.7
324,3960,0.000647214464253,Grimsby,Dudinka,GBR,RUS,53.58333,-0.06667,69.4,86.16667,1,9.97,0,33.48,0
5111,1711,7.2913587413e-05,Comeau Bay,Bolungavik,CAN,ISL,49.21667,-68.15,66.16667,-23.23333,1,4.04,5.31,28.1,34.49
2111,5494,0.000320834056237,Guam,Dutch Hbr.,GUM,USA,13.4441,144.7936,53.9,-166.53333,1,28.746,5.94,34.446,32.51
5644,3507,7.3232792023e-05,Willebroek,Seydhisfjordur,BEL,ISL,51.05,4.35,65.25,-13.91667,1,12.03,4.1,0,23.89
3955,1835,0.0297189961432,Cardiff,Kjopsvik,GBR,NOR,51.46667,-3.18333,68.08333,16.38333,1,12.28,6.91,12.18,14.7
966,3469,0.000132386602071,Halifax,Hammerfest,CAN,NOR,44.63333,-63.55,70.66667,23.66667,2,8.53,6.16,22.85,34.44
1732,3371,0.033823876192,Everingen,Nanisivik,NLD,CAN,51.4633,3.6739,73.06667,-84.55,1,12.077,0,32.32,7.54
5717,2378,8.09347519932e-05,Brunsbuttel,Vopnafjordur,DEU,ISL,53.9,9.13333,65.75,-14.81667,1,10.53,4.04,25.09,34.5
1988,5066,0.000649754050542,Oslo,Harstad,NOR,NOR,59.9,10.71667,68.8,16.55,22,7.37,7,27.23,33.69
5363,1220,0.000219525927719,Klaipeda,Hafnarfjordur,LTU,ISL,55.71667,21.13333,64.06667,-21.91667,2,9.09,6.52,6.66,34.7
2490,1671,0.000131614897106,Maaloy,Akranes,NOR,ISL,61.91667,5.11667,64.31667,-22.08333,1,8.12,7.29,17.88,34.65
4410,5494,0.0014563303794,Hakata,Dutch Hbr.,JPN,USA,33.61667,130.38333,53.9,-166.53333,7,18.25,5.94,26.18,32.51
1012,3578,0.000115982384145,Aberdeen(GBR),Patrekshofn,GBR,ISL,57.15,-2.06667,65.58333,-23.98333,1,9.88,5.11,34.64,34.81
1274,5082,4.40247645709e-05,St. Vincent(CPV),Tromso,CPV,NOR,16.9,-25,69.65,18.96667,1,24.14,4.14,36.19,12.35
3754,5082,6.71397293071e-05,Seaham,Tromso,GBR,NOR,54.83333,-1.31667,69.65,18.96667,1,9.58,4.14,34.46,12.35
1012,4364,0.000150743303136,Aberdeen(GBR),Kirkenes,GBR,NOR,57.15,-2.06667,69.73333,30.05,1,9.88,5.23,34.64,16.25
3646,5082,0.00470312724396,Harwich,Tromso,GBR,NOR,51.95,1.28333,69.65,18.96667,7,11.25,4.14,34.58,12.35
4447,5066,0.000155220359386,Farsund,Harstad,NOR,NOR,58.1,6.81667,68.8,16.55,4,8.86,7,16.6,33.69
2275,5241,0.0250805212896,Cork,Murmansk,IRL,RUS,51.9,-8.46667,68.96667,33.08333,5,11.8,3.37,17.01,6.55
2993,4729,0.75019600076,Hamburg,Narvik,DEU,NOR,53.55,9.96667,68.43333,17.43333,87,10.61,3.55,25.09,4.16
1545,5241,0.0014254956515,Ullapool,Murmansk,GBR,RUS,57.9,-5.16667,68.96667,33.08333,2,9.32,3.37,21.87,6.55
372,5494,0.00333366561158,Nagasaki,Dutch Hbr.,JPN,USA,32.71667,129.83333,53.9,-166.53333,1,20.37,5.94,34,32.51
4486,5494,0.00030698391038,Kushiro,Dutch Hbr.,JPN,USA,42.98333,144.36667,53.9,-166.53333,7,7.84,5.94,32.97,32.51
3175,1142,0.000314404606372,Rostock,Torshavn,DEU,FRO,54.15,12.1,62,-6.75,3,10.43,8.39,7.65,35.17
2754,2378,8.09347519932e-05,Plymouth,Vopnafjordur,GBR,ISL,50.36667,-4.18333,65.75,-14.81667,1,12.46,4.04,35.2,34.5
4470,1220,8.05785103973e-05,Lillesand,Hafnarfjordur,NOR,ISL,58.25,8.38333,64.06667,-21.91667,1,8.82,6.52,31.18,34.7
2935,5241,0.139258046065,Liverpool,Murmansk,GBR,RUS,53.41667,-3,68.96667,33.08333,63,11.59,3.37,18.01,6.55
731,5241,0.0837198335011,Gibraltar,Murmansk,GIB,RUS,36.15,-5.33333,68.96667,33.08333,15,17.78,3.37,36.43,6.55
3262,5494,0.000863601970272,Muroran,Dutch Hbr.,JPN,USA,42.35,140.95,53.9,-166.53333,3,9.25,5.94,33.44,32.51
4005,5082,0.000222065946002,Skagen,Tromso,DNK,NOR,57.71667,10.6,69.65,18.96667,26,9.46,4.14,27.5,12.35
66,1711,8.90568567736e-05,Lancaster,Bolungavik,GBR,ISL,54,-2.85,66.16667,-23.23333,1,11.33,5.31,19.84,34.49
5295,53,0.0305750729247,Busan,Grundartangi,KOR,ISL,35.1,129.06667,64.35,-21.78333,3,16.45,5.13,33.56,24.33
2945,4364,9.27233458942e-05,Falmouth,Kirkenes,GBR,NOR,50.16667,-5.05,69.73333,30.05,1,12.62,5.23,35.24,16.25
677,4158,0.000131614897106,Kristiansund,Faskrudhsfjordur,NOR,ISL,63.11667,7.73333,64.9295,-14.0119,2,8.61,6.015,32.8,34.471
5942,3760,0.000370968807786,Saint John(CAN),Goose Bay,CAN,CAN,45.26667,-66.06667,53.35,-60.41667,2,7.82,2.9,32.13,0
1732,5241,0.104339920883,Everingen,Murmansk,NLD,RUS,51.4633,3.6739,68.96667,33.08333,12,12.077,3.37,32.32,6.55
2485,5241,0.000673095493935,Coryton,Murmansk,GBR,RUS,51.51667,0.53333,68.96667,33.08333,8,11.98,3.37,20.75,6.55
5808,1235,0.000121495862946,Stavanger,Eskifjordur,NOR,ISL,58.96667,5.73333,65.08333,-13.98333,2,8.9,4.24,30.8,34.53
5645,1239,0.000253094769386,Floro,Raufarhofn,NOR,ISL,61.6,5.03333,66.45,-15.9,2,8.17,4.64,32.45,34.34
830,3218,0.000879998375643,Rotterdam,Reykjavik,NLD,ISL,51.9,4.48333,64.14972,-21.9475,94,11.4,6.52,1.78,34.7
2581,4729,0.0439924680701,Istanbul,Narvik,TUR,NOR,41,28.96667,68.43333,17.43333,1,15.94,3.55,27.88,4.16
3522,5241,0.0201275897976,Matanzas(VEN),Murmansk,VEN,RUS,8.28333,-62.85,68.96667,33.08333,1,27.9,3.37,0,6.55
1389,3960,0.0266697620509,Mo i Rana,Dudinka,NOR,RUS,66.31667,14.13333,69.4,86.16667,1,4.51,0,1.07,0
2842,5494,0.00046786496374,Yokohama,Dutch Hbr.,JPN,USA,35.45,139.66667,53.9,-166.53333,3,17.64,5.94,22.49,32.51
4893,4729,0.0409820865139,Tofte,Narvik,NOR,NOR,59.55,10.58333,68.43333,17.43333,2,7.41,3.55,27.23,4.16
5145,5241,0.0316298907413,Ancona,Murmansk,ITA,RUS,43.61722,13.51167,68.96667,33.08333,1,17.35,3.37,37.28,6.55
3594,5241,0.0742878487992,Hook of Holland,Murmansk,NLD,RUS,51.98333,4.11667,68.96667,33.08333,1,11.33,3.37,31.75,6.55
1545,4317,6.10290090819e-05,Ullapool,Svolvaer,GBR,NOR,57.9,-5.16667,68.23333,14.56667,1,9.32,6.05,21.87,32.82
2935,5066,0.0011416262617,Liverpool,Harstad,GBR,NOR,53.41667,-3,68.8,16.55,1,11.59,7,18.01,33.69
1012,5241,0.000246962115956,Aberdeen(GBR),Murmansk,GBR,RUS,57.15,-2.06667,68.96667,33.08333,9,9.88,3.37,34.64,6.55
1076,3986,8.09347519932e-05,Thyboron,Stokmarknes,DNK,NOR,56.7,8.21667,68.56667,14.91667,1,9.95,5.96,33.53,32.78
3052,5241,0.252403638742,Aughinish Is.,Murmansk,IRL,RUS,52.63333,-9.05,68.96667,33.08333,41,11.76,3.37,7.64,6.55
528,6339,6.58863488455e-05,Archangel,Amderma,RUS,RUS,64.53333,40.5,69.73333,61.58333,1,4.01,-0.12,22.19,31.06
161,5082,3.41021711647e-06,Sunderland,Tromso,GBR,NOR,54.91667,-1.36667,69.65,18.96667,1,9.58,4.14,34.46,12.35
830,5955,0.00130634198284,Rotterdam,Igarka,NLD,RUS,51.9,4.48333,67.5,86.66667,3,11.4,0.14,1.78,0
693,374,0.017383565987,Porsgrunn,Hammerfall,NOR,NOR,59.13333,9.65,67.41667,15.53333,6,7.63,4.7,8.71,10.27
1591,5241,0.000353978065082,Viana do Castelo,Murmansk,PRT,RUS,41.68333,-8.83333,68.96667,33.08333,1,15.83,3.37,35.48,6.55
2842,3655,0.0294322643835,Yokohama,Afognak,JPN,USA,35.45,139.66667,58,-152.83333,1,17.64,6.4,22.49,32.42
2762,464,0.000297364466279,Aalborg,Sisimiut,DNK,GRL,57.05,9.91667,66.95,-53.68333,13,9.57,1.69,27.65,33.1
4447,2041,8.09347519932e-05,Farsund,Leirpollen,NOR,NOR,58.1,6.81667,70.38333,25.51667,1,8.86,3.45,16.6,34.23
576,3371,0.0760960234236,Antwerp,Nanisivik,BEL,CAN,51.24472,4.41139,73.06667,-84.55,2,11.97,0,0.31,7.54
4444,5082,7.40543526286e-05,Grangemouth,Tromso,GBR,NOR,56.03333,-3.68333,69.65,18.96667,2,10.58,4.14,11.94,12.35
3775,1239,0.000131614897106,Bergen,Raufarhofn,NOR,ISL,60.4,5.31667,66.45,-15.9,1,9,4.64,8.32,34.34
2151,5494,0.000557033218401,Kobe,Dutch Hbr.,JPN,USA,34.66667,135.21667,53.9,-166.53333,9,17.94,5.94,32.48,32.51
5760,4021,0.0303932482967,Gdansk,Churchill,POL,CAN,54.35,18.65,58.78333,-94.21667,1,8.41,4.32,7.52,26.33
324,5082,0.000249996720464,Grimsby,Tromso,GBR,NOR,53.58333,-0.06667,69.65,18.96667,13,9.97,4.14,33.48,12.35
1678,3218,8.19688525457e-05,Glasgow,Reykjavik,GBR,ISL,55.86667,-4.28333,64.14972,-21.9475,3,10.25,6.52,0.57,34.7
5802,5494,0.00300228494594,Tokyo,Dutch Hbr.,JPN,USA,35.68333,139.73333,53.9,-166.53333,21,17.49,5.94,11.14,32.51
2531,5835,0.0266697620509,Esbjerg,Advent Bay,DNK,SJM,55.46667,8.43333,78.25,15.58333,1,9.84,0.23,30.65,33.73
2835,3469,0.000104945201007,Corner Brook,Hammerfest,CAN,NOR,48.95,-57.93333,70.66667,23.66667,1,5.86,6.16,13.63,34.44
4529,5241,8.38995528906e-05,Moerdijk,Murmansk,NLD,RUS,51.7,4.61667,68.96667,33.08333,4,11.62,3.37,1.65,6.55
5522,53,0.000124335514637,Constantza,Grundartangi,ROM,ISL,44.16667,28.65,64.35,-21.78333,1,13.69,5.13,16.98,24.33
1428,53,0.0510233284603,Seven Islands,Grundartangi,CAN,ISL,50.1,-66.38333,64.35,-21.78333,2,4.66,5.13,30.32,24.33
1708,2654,0.000210484887471,Moss,Reydharfjordur,NOR,ISL,59.43333,10.66667,65.0333,-14.2167,2,8.11,6.015,27.23,34.471
5363,2378,0.000227974766178,Klaipeda,Vopnafjordur,LTU,ISL,55.71667,21.13333,65.75,-14.81667,1,9.09,4.04,6.66,34.5
3978,653,0.000353978065082,Kaliningrad,Thingeyri,RUS,ISL,54.71667,20.51667,65.86667,-23.48333,1,9.3,4.43,7.48,34.54
2762,3218,0.00646848881618,Aalborg,Reykjavik,DNK,ISL,57.05,9.91667,64.14972,-21.9475,54,9.57,6.52,27.65,34.7
2756,2019,0.000248734351053,Copenhagen,Sandgerdhi,DNK,ISL,55.7,12.61667,64.05,-22.71667,3,9.22,7.53,15.05,34.71
3983,5494,0.00443949091814,Dalian,Dutch Hbr.,CHN,USA,38.91667,121.68333,53.9,-166.53333,14,12.92,5.94,30.82,32.51
731,1142,7.43865395849e-05,Gibraltar,Torshavn,GIB,FRO,36.15,-5.33333,62,-6.75,2,17.78,8.39,36.43,35.17
2935,1835,0.0419544523956,Liverpool,Kjopsvik,GBR,NOR,53.41667,-3,68.08333,16.38333,1,11.59,6.91,18.01,14.7
66,2378,8.8832205121e-05,Lancaster,Vopnafjordur,GBR,ISL,54,-2.85,65.75,-14.81667,2,11.33,4.04,19.84,34.5
2249,1220,0.000823528540926,Riga,Hafnarfjordur,LVA,ISL,56.96667,24.1,64.06667,-21.91667,11,8.29,6.52,5.57,34.7
1012,3218,0.000354458159252,Aberdeen(GBR),Reykjavik,GBR,ISL,57.15,-2.06667,64.14972,-21.9475,2,9.88,6.52,34.64,34.7
2249,2378,0.000118185599279,Riga,Vopnafjordur,LVA,ISL,56.96667,24.1,65.75,-14.81667,3,8.29,4.04,5.57,34.5
2561,1220,0.000506818628171,Hampton Roads,Hafnarfjordur,USA,ISL,36.9667,-76.3667,64.06667,-21.91667,10,15.602,6.52,23.096,34.7
1831,4364,0.000167319957675,Tees,Kirkenes,GBR,NOR,54.58333,-1.16667,69.73333,30.05,3,9.6,5.23,13.5,16.25
5393,2623,0.000353978065082,St. Petersburg,Vestmannaeyjar,RUS,ISL,59.93333,30.3,63.43333,-20.26667,4,7.16,8.51,5,34.93
1697,5066,0.000131614897106,Bremerhaven,Harstad,DEU,NOR,53.55,8.58333,68.8,16.55,1,10.74,7,27.33,33.69
830,5835,0.0204938230988,Rotterdam,Advent Bay,NLD,SJM,51.9,4.48333,78.25,15.58333,3,11.4,0.23,1.78,33.73
5007,5082,0.000334789971428,Rosyth,Tromso,GBR,NOR,56.01667,-3.45,69.65,18.96667,2,9.9,4.14,17.46,12.35
938,5241,0.0445753751321,Europoort,Murmansk,NLD,RUS,51.95,4.08333,68.96667,33.08333,21,11.41,3.37,31.75,6.55
1985,5241,0.000146180235297,Vigo,Murmansk,ESP,RUS,42.23333,-8.66667,68.96667,33.08333,3,15.91,3.37,13.93,6.55
4504,1835,0.033823876192,Boulogne,Kjopsvik,FRA,NOR,50.73333,1.61667,68.08333,16.38333,2,11.83,6.91,34.72,14.7
805,1671,8.09347519932e-05,Ayr,Akranes,GBR,ISL,55.46667,-4.63333,64.31667,-22.08333,1,10.36,7.29,33.39,34.65
1916,5066,0.000637751187701,Hull,Harstad,GBR,NOR,53.75,-0.3,68.8,16.55,6,11.53,7,19.1,33.69
3486,3960,0.0218733044343,Aabenraa,Dudinka,DNK,RUS,55.03333,9.43333,69.4,86.16667,1,9.69,0,18.67,0
3422,3371,0.0298126313585,Aviles,Nanisivik,ESP,CAN,43.58333,-5.93333,73.06667,-84.55,1,15.56,0,35.53,7.54
1916,3218,0.000214736964253,Hull,Reykjavik,GBR,ISL,53.75,-0.3,64.14972,-21.9475,3,11.53,6.52,19.1,34.7
5756,5241,0.0616338116589,Brake,Murmansk,DEU,RUS,53.33333,8.48333,68.96667,33.08333,8,10.92,3.37,27.33,6.55
4304,5082,6.76023874079e-05,Wilhelmshaven,Tromso,DEU,NOR,53.51667,8.15,69.65,18.96667,1,10.07,4.14,28.67,12.35
2388,53,0.000118863842582,Las Palmas,Grundartangi,CNI,ISL,28.13306,-15.43194,64.35,-21.78333,1,20.5,5.13,36.64,24.33
693,5241,0.279606495899,Porsgrunn,Murmansk,NOR,RUS,59.13333,9.65,68.96667,33.08333,47,7.63,3.37,8.71,6.55
5513,5241,0.0731645896886,Dunkirk,Murmansk,FRA,RUS,51.05,2.35,68.96667,33.08333,35,11.61,3.37,34.35,6.55
253,2424,8.90568567736e-05,Belfast,Djupivogur,GBR,ISL,54.6,-5.93333,64.66667,-14.25,1,10.85,6.6,21.04,34.85
1165,5494,0.00133326344801,Singapore,Dutch Hbr.,SGP,USA,1.26667,103.83333,53.9,-166.53333,8,27.37,5.94,31.85,32.51
3978,3218,0.000100711124371,Kaliningrad,Reykjavik,RUS,ISL,54.71667,20.51667,64.14972,-21.9475,5,9.3,6.52,7.48,34.7
966,3760,0.00254066985997,Halifax,Goose Bay,CAN,CAN,44.63333,-63.55,53.35,-60.41667,10,8.53,2.9,22.85,0
681,5066,0.000519588685627,Kristiansand,Harstad,NOR,NOR,58.15,8,68.8,16.55,14,8.79,7,30.89,33.69
5808,3507,0.000207412838151,Stavanger,Seydhisfjordur,NOR,ISL,58.96667,5.73333,65.25,-13.91667,4,8.9,4.1,30.8,23.89
1389,2548,7.45084825249e-05,Mo i Rana,Akureyri,NOR,ISL,66.31667,14.13333,65.68333,-18.05,2,4.51,4.9,1.07,18.37
830,2378,6.62637704496e-05,Rotterdam,Vopnafjordur,NLD,ISL,51.9,4.48333,65.75,-14.81667,1,11.4,4.04,1.78,34.5
1995,5082,0.00227016635092,Greenock,Tromso,GBR,NOR,55.95,-4.73333,69.65,18.96667,1,9.69,4.14,11.58,12.35
3381,53,0.0836353335523,New Orleans,Grundartangi,USA,ISL,29.96667,-90.08333,64.35,-21.78333,20,22.26,5.13,0,24.33
1304,53,0.0156050647758,Szczecin,Grundartangi,POL,ISL,53.41667,14.55,64.35,-21.78333,26,10.61,5.13,7.8,24.33
2979,5241,0.0226191574493,Port Esquivel,Murmansk,JAM,RUS,17.88333,-77.13333,68.96667,33.08333,1,27.25,3.37,35.75,6.55
406,5241,0.022805014119,San Ciprian,Murmansk,ESP,RUS,43.7,-7.45,68.96667,33.08333,6,15.28,3.37,35.63,6.55
681,1239,0.000201449311343,Kristiansand,Raufarhofn,NOR,ISL,58.15,8,66.45,-15.9,2,8.79,4.64,30.89,34.34
830,2548,0.000127042200229,Rotterdam,Akureyri,NLD,ISL,51.9,4.48333,65.68333,-18.05,2,11.4,4.9,1.78,18.37
4253,53,0.0026109774363,Aalvik,Grundartangi,NOR,ISL,60.43333,6.4,64.35,-21.78333,2,5.31,5.13,0,24.33
2561,1235,0.000110820981757,Hampton Roads,Eskifjordur,USA,ISL,36.9667,-76.3667,65.08333,-13.98333,1,15.602,4.24,23.096,34.53
6196,3778,0.000598582811991,Daesan,Provideniya,KOR,RUS,37.01667,126.41667,64.41667,-173.25,1,12.39,0.79,31.41,32.01
5645,2645,0.000161862953552,Floro,Fuglafjordur,NOR,FRO,61.6,5.03333,62.25,-6.81667,11,8.17,8.42,32.45,35.18
2554,1563,0.000274287864814,Sas van Ghent,Thorlakshofn,NLD,ISL,51.23333,3.8,63.85,-21.33333,2,12.1,5.96,3.47,34.84
134,5494,0.000353754307601,Hakodate,Dutch Hbr.,JPN,USA,41.78333,140.71667,53.9,-166.53333,7,10.62,5.94,33.6,32.51
1949,4414,0.00035567125943,Kiel,Honningsvaag,DEU,NOR,54.31667,10.13333,70.98333,25.98333,3,10.32,6.02,15.94,34.34
3880,1370,0.0163369528382,Bremen,Keflavik,DEU,ISL,53.08333,8.78333,64,-22.55,1,10.94,7.53,27.33,34.59
4942,5241,0.199500108295,Terneuzen,Murmansk,NLD,RUS,51.33333,3.81667,68.96667,33.08333,75,12.1,3.37,14.36,6.55
1708,3218,0.00744784593407,Moss,Reykjavik,NOR,ISL,59.43333,10.66667,64.14972,-21.9475,118,8.11,6.52,27.23,34.7
5717,5241,0.0328100086709,Brunsbuttel,Murmansk,DEU,RUS,53.9,9.13333,68.96667,33.08333,3,10.53,3.37,25.09,6.55
3695,2645,8.09347519932e-05,Trondheim,Fuglafjordur,NOR,FRO,63.43333,10.4,62.25,-6.81667,1,6.98,8.42,3.06,35.18
2993,5066,0.000159455468041,Hamburg,Harstad,DEU,NOR,53.55,9.96667,68.8,16.55,3,10.61,7,25.09,33.69
127,1835,0.0297189961432,Kvinesdal,Kjopsvik,NOR,NOR,58.3,7,68.08333,16.38333,1,7.81,6.91,8.49,14.7
835,4729,0.0659939758523,Nordenham,Narvik,DEU,NOR,53.48333,8.48333,68.43333,17.43333,5,10.84,3.55,27.33,4.16
3125,2186,0.033823876192,Fredericia,Nuuk,DNK,GRL,55.56667,9.75,64.16667,-51.73333,1,9.27,1.37,19.72,32.31
4918,4317,8.88345774385e-05,Kambo,Svolvaer,NOR,NOR,59.48333,10.7,68.23333,14.56667,1,8.02,6.05,27.23,32.82
4492,4414,0.0001264609742,London,Honningsvaag,GBR,NOR,51.5,-0.06667,70.98333,25.98333,1,12.22,6.02,2.15,34.34
938,5082,8.12412234519e-05,Europoort,Tromso,NLD,NOR,51.95,4.08333,69.65,18.96667,1,11.41,4.14,31.75,12.35
3423,3218,0.000794181510859,Sarroch,Reykjavik,ITA,ISL,39.08333,9.03333,64.14972,-21.9475,1,17.94,6.52,37.91,34.7
2131,5082,0.000166833481093,Cristobal,Tromso,PAN,NOR,9.35,-79.91667,69.65,18.96667,1,27.72,4.14,31.62,12.35
1375,53,0.016379083894,Uddevalla,Grundartangi,SWE,ISL,58.35,11.91667,64.35,-21.78333,1,8.4,5.13,26.06,24.33
324,4158,8.03787031202e-05,Grimsby,Faskrudhsfjordur,GBR,ISL,53.58333,-0.06667,64.9295,-14.0119,1,9.97,6.015,33.48,34.471
311,5494,0.00501595406984,Vancouver(CAN),Dutch Hbr.,CAN,USA,49.28333,-123.11667,53.9,-166.53333,54,12.05,5.94,25.3,32.51
2993,3218,0.00024878284833,Hamburg,Reykjavik,DEU,ISL,53.55,9.96667,64.14972,-21.9475,16,10.61,6.52,25.09,34.7
3124,5082,0.000446335895191,Lerwick,Tromso,GBR,NOR,60.15,-1.13333,69.65,18.96667,27,9.54,4.14,35.22,12.35
2123,53,0.0169915324163,Grove Wharf,Grundartangi,GBR,ISL,53.6,-0.68333,64.35,-21.78333,1,11.33,5.13,2.44,24.33
2823,53,8.83729629179e-05,Aarhus,Grundartangi,DNK,ISL,56.15,10.21667,64.35,-21.78333,1,9.62,5.13,20.52,24.33
4492,1220,0.0173522841574,London,Hafnarfjordur,GBR,ISL,51.5,-0.06667,64.06667,-21.91667,1,12.22,6.52,2.15,34.7
1318,2623,8.20989956585e-05,Peterhead,Vestmannaeyjar,GBR,ISL,57.5,-1.78333,63.43333,-20.26667,2,9.24,8.51,34.7,34.93
205,2654,0.000124056024971,Gothenburg,Reydharfjordur,SWE,ISL,57.7,11.95,65.0333,-14.2167,2,9.29,6.015,22.9,34.471
2762,1301,0.000812944139868,Aalborg,Narsaq,DNK,GRL,57.05,9.91667,60.9,-45.98333,5,9.57,2.83,27.65,14.58
2821,4729,0.0379619583807,Bristol,Narvik,GBR,NOR,51.45,-2.63333,68.43333,17.43333,3,11.8,3.55,11.17,4.16
830,875,4.7650683457e-05,Rotterdam,Thorshofn,NLD,ISL,51.9,4.48333,66.2,-15.33333,2,11.4,4.79,1.78,34.34
3739,6174,0.000393308941528,Odense,Balsfjord,DNK,NOR,55.41667,10.38333,69.31667,19.35,1,10.06,3.21,17.15,0.24
4851,5082,0.0145832879743,Ceuta,Tromso,ESP,NOR,35.88333,-5.31667,69.65,18.96667,4,17.89,4.14,36.42,12.35
4005,4602,0.000164168418474,Skagen,Neskaupstadur,DNK,ISL,57.71667,10.6,65.15,-13.68333,4,9.46,4.59,27.5,34.3
4247,5439,8.84895827529e-05,Lisbon,Finnsnes,PRT,NOR,38.73333,-9.11667,69.23333,17.96667,1,18.95,5.19,15.35,10.3
4171,4158,8.90906106368e-05,Drogheda,Faskrudhsfjordur,IRL,ISL,53.71667,-6.35,64.9295,-14.0119,1,11.23,6.015,17.43,34.471
4423,3469,0.000867947838625,Dover,Hammerfest,GBR,NOR,51.11667,1.33333,70.66667,23.66667,3,11.4,6.16,34.66,34.44
3309,3218,6.95166347962e-05,Torrevieja,Reykjavik,ESP,ISL,37.96667,-0.68333,64.14972,-21.9475,5,18.92,6.52,37.28,34.7
253,53,0.000167086524037,Belfast,Grundartangi,GBR,ISL,54.6,-5.93333,64.35,-21.78333,2,10.85,5.13,21.04,24.33
5645,2378,0.000140745781094,Floro,Vopnafjordur,NOR,ISL,61.6,5.03333,65.75,-14.81667,3,8.17,4.04,32.45,34.5
4851,1220,9.27233458942e-05,Ceuta,Hafnarfjordur,ESP,ISL,35.88333,-5.31667,64.06667,-21.91667,6,17.89,6.52,36.42,34.7
4492,3371,0.033823876192,London,Nanisivik,GBR,CAN,51.5,-0.06667,73.06667,-84.55,1,12.22,0,2.15,7.54
3498,5241,0.0250805212896,Foynes,Murmansk,IRL,RUS,52.61667,-9.1,68.96667,33.08333,3,11.76,3.37,8.6,6.55
2762,3043,0.000153901252793,Aalborg,Uunarteq,DNK,GRL,57.05,9.91667,70.5,-21.8333,1,9.57,-1.206,27.65,30.322
2549,5494,0.00140844118193,Qingdao,Dutch Hbr.,CHN,USA,36.08333,120.3,53.9,-166.53333,12,14.93,5.94,31.04,32.51
2347,3218,8.05819763414e-05,Garston,Reykjavik,GBR,ISL,53.35,-2.9,64.14972,-21.9475,1,11.64,6.52,20.62,34.7
3052,374,0.0173919098776,Aughinish Is.,Hammerfall,IRL,NOR,52.63333,-9.05,67.41667,15.53333,1,11.76,4.7,7.64,10.27
5406,53,0.0173985022202,Sauda,Grundartangi,NOR,ISL,59.65,6.35,64.35,-21.78333,1,5.87,5.13,3.73,24.33
42,2623,0.0130930695481,Immingham,Vestmannaeyjar,GBR,ISL,53.63333,-0.18333,63.43333,-20.26667,98,9.97,8.51,33.48,34.93
3175,2438,0.0153900954429,Rostock,Njardhvik,DEU,ISL,54.15,12.1,65.58333,-13.85,1,10.43,4.95,7.65,34.2
1917,4317,6.97417628632e-05,Leixoes,Svolvaer,PRT,NOR,41.18333,-8.71667,68.23333,14.56667,2,16.45,6.05,35.49,32.82
1669,5066,7.87892022173e-05,Sfax,Harstad,TUN,NOR,34.73333,10.76667,68.8,16.55,1,20.47,7,37.69,33.69
5513,3218,0.000121495862946,Dunkirk,Reykjavik,FRA,ISL,51.05,2.35,64.14972,-21.9475,4,11.61,6.52,34.35,34.7
235,1142,0.000159901444099,La Canal,Torshavn,ESP,FRO,38.83333,1.38333,62,-6.75,2,18.95,8.39,37.48,35.17
938,3141,0.0266697620509,Europoort,Barentsburg,NLD,SJM,51.95,4.08333,78.08333,14.21667,6,11.41,1.7,31.75,33.98
1160,5241,7.7039138781e-05,Ellesmere Port,Murmansk,GBR,RUS,53.28333,-2.9,68.96667,33.08333,1,11.75,3.37,19.49,6.55
2884,5241,0.0273781416799,St. Michael's,Murmansk,PRT,RUS,37.73333,-25.66667,68.96667,33.08333,1,19.04,3.37,36.15,6.55
966,5494,2.1409893621e-05,Halifax,Dutch Hbr.,CAN,USA,44.63333,-63.55,53.9,-166.53333,1,8.53,5.94,22.85,32.51
3649,1491,0.000131264819367,Aalesund,Stodhvarfjordur,NOR,ISL,62.46667,6.16667,64.83333,-13.83333,1,8.03,4.18,33.17,34.53
2762,3183,0.000915456740625,Aalborg,Nanortalik,DNK,GRL,57.05,9.91667,60.13333,-45.25,16,9.57,1.62,27.65,33.18
6424,3986,0.000393308941528,Borg Hbr.,Stokmarknes,NOR,NOR,59.2,10.95,68.56667,14.91667,3,8.16,5.96,27.36,32.78
5106,1220,4.88734814706e-05,Aveiro,Hafnarfjordur,PRT,ISL,40.65,-8.75,64.06667,-21.91667,7,17.6,6.52,35.52,34.7
4538,3960,0.0218353543684,Ghent,Dudinka,BEL,RUS,51.08806,3.74528,69.4,86.16667,1,12.14,0,1.55,0
576,3960,0.0778944270964,Antwerp,Dudinka,BEL,RUS,51.24472,4.41139,69.4,86.16667,4,11.97,0,0.31,0
2355,4729,0.411065662497,Kalundborg,Narvik,DNK,NOR,55.68333,11.08333,68.43333,17.43333,12,10.2,3.55,18.06,4.16
4246,5241,0.20237053958,Flushing,Murmansk,NLD,RUS,51.45,3.58333,68.96667,33.08333,53,12.05,3.37,32.96,6.55
2756,3218,0.00101093699533,Copenhagen,Reykjavik,DNK,ISL,55.7,12.61667,64.14972,-21.9475,23,9.22,6.52,15.05,34.7
1150,4021,1.74345530047e-05,Stornoway,Churchill,GBR,CAN,58.2,-6.38333,58.78333,-94.21667,2,10.34,4.32,34.65,26.33
1823,5241,2.34272643075e-05,Cuxhaven,Murmansk,DEU,RUS,53.86667,8.7,68.96667,33.08333,1,10.94,3.37,25.09,6.55
843,5066,0.000127042200229,Amsterdam,Harstad,NLD,NOR,52.36667,4.9,68.8,16.55,2,11.22,7,9.95,33.69
4015,4414,0.00105977502551,Slagen,Honningsvaag,NOR,NOR,59.31667,10.53333,70.98333,25.98333,2,8.11,6.02,27.23,34.34
5952,5439,0.000889409329774,Leith,Finnsnes,GBR,NOR,55.98333,-3.16667,69.23333,17.96667,26,10.08,5.19,33.97,10.3
2935,53,8.83729629179e-05,Liverpool,Grundartangi,GBR,ISL,53.41667,-3,64.35,-21.78333,1,11.59,5.13,18.01,24.33
1678,2548,7.87548078655e-05,Glasgow,Akureyri,GBR,ISL,55.86667,-4.28333,65.68333,-18.05,1,10.25,4.9,0.57,18.37
4538,5241,0.278450064774,Ghent,Murmansk,BEL,RUS,51.08806,3.74528,68.96667,33.08333,86,12.14,3.37,1.55,6.55
4830,173,6.68789879329e-05,Savona,Glomfjord,ITA,NOR,44.3,8.48333,66.81667,13.61667,1,15.81,7.52,38.12,17.19
1697,3469,1.66252063702e-05,Bremerhaven,Hammerfest,DEU,NOR,53.55,8.58333,70.66667,23.66667,5,10.74,6.16,27.33,34.44
2539,3655,0.0555962664317,Tomakomai,Afognak,JPN,USA,42.63333,141.63333,58,-152.83333,2,9.2,6.4,33.18,32.42
5952,5241,0.0379534883562,Leith,Murmansk,GBR,RUS,55.98333,-3.16667,68.96667,33.08333,28,10.08,3.37,33.97,6.55
4714,4602,7.99631635908e-05,Larvik,Neskaupstadur,NOR,ISL,59.05,10.03333,65.15,-13.68333,1,8.27,4.59,28.21,34.3
205,5082,0.00031697467154,Gothenburg,Tromso,SWE,NOR,57.7,11.95,69.65,18.96667,11,9.29,4.14,22.9,12.35
4304,4729,0.069736448778,Wilhelmshaven,Narvik,DEU,NOR,53.51667,8.15,68.43333,17.43333,5,10.07,3.55,28.67,4.16
1280,3507,8.05785103973e-05,Gunness Wharf,Seydhisfjordur,GBR,ISL,53.58333,-0.68333,65.25,-13.91667,2,11.33,4.1,2.44,23.89
42,1725,0.000168099019567,Immingham,Ballangen,GBR,NOR,53.63333,-0.18333,68.36667,16.93333,2,9.97,6.82,33.48,11.76
4714,4729,0.00167463909639,Larvik,Narvik,NOR,NOR,59.05,10.03333,68.43333,17.43333,2,8.27,3.55,28.21,4.16
6424,5082,0.000186184419031,Borg Hbr.,Tromso,NOR,NOR,59.2,10.95,69.65,18.96667,7,8.16,4.14,27.36,12.35
4714,1220,0.000236346473708,Larvik,Hafnarfjordur,NOR,ISL,59.05,10.03333,64.06667,-21.91667,7,8.27,6.52,28.21,34.7
1828,4729,0.0381392303994,Le Havre,Narvik,FRA,NOR,49.48333,0.11667,68.43333,17.43333,8,12.05,3.55,34.52,4.16
2275,5082,8.10643244575e-06,Cork,Tromso,IRL,NOR,51.9,-8.46667,69.65,18.96667,1,11.8,4.14,17.01,12.35
938,1235,0.0014402399068,Europoort,Eskifjordur,NLD,ISL,51.95,4.08333,65.08333,-13.98333,7,11.41,4.24,31.75,34.53
5411,1907,8.92389353399e-05,Perth,Bodo,GBR,NOR,56.4,-3.43333,67.28333,14.38333,1,10.16,7.04,5.18,32.78
5019,2548,0.000126562122914,Dundee,Akureyri,GBR,ISL,56.46667,-2.96667,65.68333,-18.05,4,9.01,4.9,34.06,18.37
2531,5504,0.000237809598517,Esbjerg,Qaanaaq,DNK,GRL,55.46667,8.43333,77.46667,-69.21667,2,9.84,0,30.65,32.79
1917,1220,8.88345774385e-05,Leixoes,Hafnarfjordur,PRT,ISL,41.18333,-8.71667,64.06667,-21.91667,1,16.45,6.52,35.49,34.7
5659,5082,7.86456026272e-05,Naestved,Tromso,DNK,NOR,55.23333,11.75,69.65,18.96667,1,10.2,4.14,15.97,12.35
4485,1142,0.000229610745365,Kolobrzeg,Torshavn,POL,FRO,54.18333,15.56667,62,-6.75,1,10.94,8.39,7.81,35.17
681,5082,0.0186599903247,Kristiansand,Tromso,NOR,NOR,58.15,8,69.65,18.96667,24,8.79,4.14,30.89,12.35
1293,2812,0.000248355451699,Sunndalsora,Kandalaksha,NOR,RUS,62.68333,8.6,67.13333,32.43333,3,4.54,3.09,0.86,21.66
5263,4488,0.00760168163725,Tacoma,Kodiak,USA,USA,47.25,-122.41667,57.78333,-152.4,66,12.44,6.33,28.93,32.43
830,3507,8.83729629179e-05,Rotterdam,Seydhisfjordur,NLD,ISL,51.9,4.48333,65.25,-13.91667,1,11.4,4.1,1.78,23.89
4640,1128,0.000171620604572,Southampton,Sorreisa,GBR,NOR,50.9,-1.4,69.13333,18.13333,1,12.36,3.37,21.88,4.3
6424,1907,0.00021253899688,Borg Hbr.,Bodo,NOR,NOR,59.2,10.95,67.28333,14.38333,2,8.16,7.04,27.36,32.78
5645,875,7.88798479936e-05,Floro,Thorshofn,NOR,ISL,61.6,5.03333,66.2,-15.33333,4,8.17,4.79,32.45,34.34
4444,5066,8.06125180999e-05,Grangemouth,Harstad,GBR,NOR,56.03333,-3.68333,68.8,16.55,1,10.58,7,11.94,33.69
363,5955,0.00139734051647,Waterford,Igarka,IRL,RUS,52.11667,-6.91667,67.5,86.66667,1,11.92,0.14,34.8,0
5393,6057,0.00030698892251,St. Petersburg,Vagur,RUS,FRO,59.93333,30.3,61.46667,-6.8,1,7.16,8.56,5,35.21
3246,3218,1.97476963829e-05,St. John's(CAN),Reykjavik,CAN,ISL,47.5625,-52.71056,64.14972,-21.9475,8,4.76,6.52,31.77,34.7
6424,374,8.90568567736e-05,Borg Hbr.,Hammerfall,NOR,NOR,59.2,10.95,67.41667,15.53333,3,8.16,4.7,27.36,10.27
2239,875,0.000273604264177,Haugesund,Thorshofn,NOR,ISL,59.41667,5.26667,66.2,-15.33333,1,9.22,4.79,26.52,34.34
4640,5066,0.00203909167275,Southampton,Harstad,GBR,NOR,50.9,-1.4,68.8,16.55,4,12.36,7,21.88,33.69
2075,5241,0.124185945629,Port Kaiser,Murmansk,JAM,RUS,17.88333,-77.6,68.96667,33.08333,12,26.47,3.37,26.35,6.55
2494,3469,0.000279640090213,Great Yarmouth,Hammerfest,GBR,NOR,52.6,1.73333,70.66667,23.66667,1,11.19,6.16,34.64,34.44
460,173,7.84832193801e-05,Greenore,Glomfjord,IRL,NOR,54.03333,-6.13333,66.81667,13.61667,3,10.3,7.52,26.8,17.19
1012,604,0.000251951081635,Aberdeen(GBR),Isafjordur,GBR,ISL,57.15,-2.06667,66.08333,-23.1,1,9.88,5.31,34.64,34.49
5106,3469,0.000133102734558,Aveiro,Hammerfest,PRT,NOR,40.65,-8.75,70.66667,23.66667,3,17.6,6.16,35.52,34.44
2483,5066,8.88345774385e-05,Drammen,Harstad,NOR,NOR,59.73333,10.23333,68.8,16.55,3,7.22,7,27.23,33.69
212,3469,0.000158670713789,Scrabster,Hammerfest,GBR,NOR,58.61667,-3.53333,70.66667,23.66667,2,9.65,6.16,34.8,34.44
2756,2797,8.83729629179e-05,Copenhagen,Tvoroyri,DNK,FRO,55.7,12.61667,61.55,-6.8,1,9.22,8.32,15.05,35.19
3381,1370,0.00091140387518,New Orleans,Keflavik,USA,ISL,29.96667,-90.08333,64,-22.55,1,22.26,7.53,0,34.59
5393,1250,0.000695115342155,St. Petersburg,Hvalfjordur,RUS,ISL,59.93333,30.3,64.3833,-21.6667,2,7.16,7.017,5,34.561
830,3469,1.87448678394e-05,Rotterdam,Hammerfest,NLD,NOR,51.9,4.48333,70.66667,23.66667,13,11.4,6.16,1.78,34.44
2993,3960,0.0330300558363,Hamburg,Dudinka,DEU,RUS,53.55,9.96667,69.4,86.16667,7,10.61,0,25.09,0
6494,3469,0.000125115204414,Velsen,Hammerfest,NLD,NOR,52.46667,4.63333,70.66667,23.66667,3,11.23,6.16,17.3,34.44
2298,374,0.000597103302969,Hartlepool,Hammerfall,GBR,NOR,54.7,-1.2,67.41667,15.53333,8,9.6,4.7,34.48,10.27
830,4602,0.000169221361364,Rotterdam,Neskaupstadur,NLD,ISL,51.9,4.48333,65.15,-13.68333,1,11.4,4.59,1.78,34.3
127,5439,9.02771909029e-05,Kvinesdal,Finnsnes,NOR,NOR,58.3,7,69.23333,17.96667,1,7.81,5.19,8.49,10.3
1949,2378,0.000118566715025,Kiel,Vopnafjordur,DEU,ISL,54.31667,10.13333,65.75,-14.81667,1,10.32,4.04,15.94,34.5
681,3218,0.000177877320657,Kristiansand,Reykjavik,NOR,ISL,58.15,8,64.14972,-21.9475,9,8.79,6.52,30.89,34.7
3898,5494,0.000893346828166,Port Angeles,Dutch Hbr.,USA,USA,48.13333,-123.41667,53.9,-166.53333,7,10.57,5.94,28.51,32.51
298,5494,0.000469533246627,Kingston(JAM),Dutch Hbr.,JAM,USA,17.96667,-76.8,53.9,-166.53333,1,27.02,5.94,26.08,32.51
4851,1142,0.000153206655324,Ceuta,Torshavn,ESP,FRO,35.88333,-5.31667,62,-6.75,5,17.89,8.39,36.42,35.17
5645,2623,7.3232792023e-05,Floro,Vestmannaeyjar,NOR,ISL,61.6,5.03333,63.43333,-20.26667,2,8.17,8.51,32.45,34.93
1267,5082,0.000223077098811,Svendborg,Tromso,DNK,NOR,55.05,10.61667,69.65,18.96667,1,10.03,4.14,16.23,12.35
3695,5835,0.000169256607796,Trondheim,Advent Bay,NOR,SJM,63.43333,10.4,78.25,15.58333,2,6.98,0.23,3.06,33.73
5899,3218,1.11105130527e-05,Kotka,Reykjavik,FIN,ISL,60.46667,26.95,64.14972,-21.9475,3,6.69,6.52,5,34.7
5084,53,0.000169256607796,Vivero,Grundartangi,ESP,ISL,43.66667,-7.6,64.35,-21.78333,1,15.23,5.13,23.67,24.33
2015,5082,0.00033432828772,Kirkwall,Tromso,GBR,NOR,59,-2.98333,69.65,18.96667,13,9.55,4.14,34.86,12.35
253,5241,0.0542156977754,Belfast,Murmansk,GBR,RUS,54.6,-5.93333,68.96667,33.08333,20,10.85,3.37,21.04,6.55
3989,5241,0.000451319402164,Milford Haven,Murmansk,GBR,RUS,51.71278,-5.06167,68.96667,33.08333,10,12.23,3.37,25.68,6.55
2993,3469,0.000133764648526,Hamburg,Hammerfest,DEU,NOR,53.55,9.96667,70.66667,23.66667,4,10.61,6.16,25.09,34.44
1828,1272,0.000124194116067,Le Havre,Nordurfjordur,FRA,ISL,49.48333,0.11667,66.03333,-21.56667,1,12.05,4.71,34.52,34.44
2561,2438,0.000966057367714,Hampton Roads,Njardhvik,USA,ISL,36.9667,-76.3667,65.58333,-13.85,25,15.602,4.95,23.096,34.2
8004,53,8.88345774385e-05,Tjeldbergodden,Grundartangi,NOR,ISL,63.41667,8.7,64.35,-21.78333,1,8.57,5.13,24.14,24.33
4814,3621,7.3232792023e-05,Lemvig,Grindavik,DNK,ISL,56.55,8.3,63.83333,-22.43333,1,10.01,7.22,22.96,34.68
2762,1659,0.000194665736967,Aalborg,Maniitsoq,DNK,GRL,57.05,9.91667,65.41667,-52.9,3,9.57,1.42,27.65,32.9
42,2378,0.000119695583717,Immingham,Vopnafjordur,GBR,ISL,53.63333,-0.18333,65.75,-14.81667,1,9.97,4.04,33.48,34.5
2756,875,8.89367802659e-05,Copenhagen,Thorshofn,DNK,ISL,55.7,12.61667,66.2,-15.33333,1,9.22,4.79,15.05,34.34
2625,5494,0.000520017202372,Ishinomaki,Dutch Hbr.,JPN,USA,38.41667,141.3,53.9,-166.53333,4,13.84,5.94,33.64,32.51
4246,4729,0.0639808628467,Flushing,Narvik,NLD,NOR,51.45,3.58333,68.43333,17.43333,10,12.05,3.55,32.96,4.16
4059,4729,0.107944265141,Corunna,Narvik,ESP,NOR,43.38333,-8.36667,68.43333,17.43333,2,15.94,3.55,35.59,4.16
5721,3621,6.88735661654e-05,Macduff,Grindavik,GBR,ISL,57.66667,-2.5,63.83333,-22.43333,1,9.75,7.22,34.63,34.68
5755,4175,0.000248734351053,Hanstholm,Sortland,DNK,NOR,57.11667,8.58333,68.7,15.43333,1,9.43,7.24,31.72,33.92
1140,4729,0.0779552643578,Montoir,Narvik,FRA,NOR,47.33333,-2.13333,68.43333,17.43333,5,13.9,3.55,13.23,4.16
5808,3621,0.00018771142597,Stavanger,Grindavik,NOR,ISL,58.96667,5.73333,63.83333,-22.43333,3,8.9,7.22,30.8,34.68
1669,5082,0.000194977125108,Sfax,Tromso,TUN,NOR,34.73333,10.76667,69.65,18.96667,2,20.47,4.14,37.69,12.35
4015,5066,0.001010227454,Slagen,Harstad,NOR,NOR,59.31667,10.53333,68.8,16.55,14,8.11,7,27.23,33.69
4059,5241,0.0135467769743,Corunna,Murmansk,ESP,RUS,43.38333,-8.36667,68.96667,33.08333,7,15.94,3.37,35.59,6.55
6424,2041,0.000169256607796,Borg Hbr.,Leirpollen,NOR,NOR,59.2,10.95,70.38333,25.51667,1,8.16,3.45,27.36,34.23
4529,53,0.0152055488221,Moerdijk,Grundartangi,NLD,ISL,51.7,4.61667,64.35,-21.78333,11,11.62,5.13,1.65,24.33
3124,1220,0.000381980587195,Lerwick,Hafnarfjordur,GBR,ISL,60.15,-1.13333,64.06667,-21.91667,3,9.54,6.52,35.22,34.7
1697,4364,2.44485138298e-05,Bremerhaven,Kirkenes,DEU,NOR,53.55,8.58333,69.73333,30.05,5,10.74,5.23,27.33,16.25
528,3218,7.55136616258e-05,Archangel,Reykjavik,RUS,ISL,64.53333,40.5,64.14972,-21.9475,1,4.01,6.52,22.19,34.7
205,622,0.000127097145251,Gothenburg,Sigerfjord,SWE,NOR,57.7,11.95,68.6436,15.5161,4,9.29,7.438,22.9,33.372
2762,3135,0.000433891008788,Aalborg,Paamiut,DNK,GRL,57.05,9.91667,62,-49.66667,2,9.57,0.06,27.65,32.69
4851,53,9.27233458942e-05,Ceuta,Grundartangi,ESP,ISL,35.88333,-5.31667,64.35,-21.78333,13,17.89,5.13,36.42,24.33
1697,5241,0.000353291381539,Bremerhaven,Murmansk,DEU,RUS,53.55,8.58333,68.96667,33.08333,10,10.74,3.37,27.33,6.55
1389,3218,0.000468979001516,Mo i Rana,Reykjavik,NOR,ISL,66.31667,14.13333,64.14972,-21.9475,7,4.51,6.52,1.07,34.7
2916,1142,8.09347519932e-05,Svelgen,Torshavn,NOR,FRO,61.76667,5.3,62,-6.75,1,6.78,8.39,7.41,35.17
5263,5494,0.00443065152403,Tacoma,Dutch Hbr.,USA,USA,47.25,-122.41667,53.9,-166.53333,47,12.44,5.94,28.93,32.51
3309,1725,8.73235585984e-05,Torrevieja,Ballangen,ESP,NOR,37.96667,-0.68333,68.36667,16.93333,1,18.92,6.82,37.28,11.76
4246,3141,0.0266697620509,Flushing,Barentsburg,NLD,SJM,51.45,3.58333,78.08333,14.21667,1,12.05,1.7,32.96,33.98
3233,3218,0.000289943112476,Egersund,Reykjavik,NOR,ISL,58.45,6,64.14972,-21.9475,6,9.16,6.52,23.03,34.7
4489,5494,0.00526929160376,Seattle,Dutch Hbr.,USA,USA,47.63333,-122.33333,53.9,-166.53333,150,13.01,5.94,28.93,32.51
42,5241,0.0519134896728,Immingham,Murmansk,GBR,RUS,53.63333,-0.18333,68.96667,33.08333,65,9.97,3.37,33.48,6.55
2015,3218,0.000394977714429,Kirkwall,Reykjavik,GBR,ISL,59,-2.98333,64.14972,-21.9475,14,9.55,6.52,34.86,34.7
2835,2395,0.000304549492652,Corner Brook,Grundarfjordur,CAN,ISL,48.95,-57.93333,64.91667,-23.21667,1,5.86,5.29,13.63,33.95
4538,4021,0.0334728148123,Ghent,Churchill,BEL,CAN,51.08806,3.74528,58.78333,-94.21667,1,12.14,4.32,1.55,26.33
5363,4158,0.000169817949292,Klaipeda,Faskrudhsfjordur,LTU,ISL,55.71667,21.13333,64.9295,-14.0119,1,9.09,6.015,6.66,34.471
1389,1563,0.0161318777214,Mo i Rana,Thorlakshofn,NOR,ISL,66.31667,14.13333,63.85,-21.33333,3,4.51,5.96,1.07,34.84
6407,3507,8.09347519932e-05,Haavik,Seydhisfjordur,NOR,ISL,59.31667,5.31667,65.25,-13.91667,1,9.25,4.1,21.84,23.89
2483,4317,0.000332948732875,Drammen,Svolvaer,NOR,NOR,59.73333,10.23333,68.23333,14.56667,4,7.22,6.05,27.23,32.82
843,1907,0.000127042200229,Amsterdam,Bodo,NLD,NOR,52.36667,4.9,67.28333,14.38333,2,11.22,7.04,9.95,32.78
3381,1563,0.0173908903388,New Orleans,Thorlakshofn,USA,ISL,29.96667,-90.08333,63.85,-21.33333,1,22.26,5.96,0,34.84
1795,4602,7.3232792023e-05,Wallhamn,Neskaupstadur,SWE,ISL,58,11.7,65.15,-13.68333,1,9.22,4.59,24.81,34.3
2580,4158,8.22098402455e-05,Sharpness,Faskrudhsfjordur,GBR,ISL,51.71667,-2.48333,64.9295,-14.0119,1,11.99,6.015,13.23,34.471
3120,5241,0.0286235206356,Calais,Murmansk,FRA,RUS,50.96667,1.85,68.96667,33.08333,1,12.09,3.37,34.55,6.55
1146,3218,0.000271699103101,Albany(USA),Reykjavik,USA,ISL,42.65,-73.75,64.14972,-21.9475,3,10.69,6.52,0,34.7
253,3218,8.90568567736e-05,Belfast,Reykjavik,GBR,ISL,54.6,-5.93333,64.14972,-21.9475,7,10.85,6.52,21.04,34.7
3705,3048,0.000100263748877,Santo Domingo,Husavik,DOM,ISL,18.46667,-69.88333,66.05,-17.36667,1,27.52,4.9,35.54,34.36
4470,4317,8.03808496818e-05,Lillesand,Svolvaer,NOR,NOR,58.25,8.38333,68.23333,14.56667,1,8.82,6.05,31.18,32.82
1076,5082,0.000279115081639,Thyboron,Tromso,DNK,NOR,56.7,8.21667,69.65,18.96667,4,9.95,4.14,33.53,12.35
3695,1563,0.0173919098776,Trondheim,Thorlakshofn,NOR,ISL,63.43333,10.4,63.85,-21.33333,2,6.98,5.96,3.06,34.84
2121,5494,0.00030901162841,Shimonoseki,Dutch Hbr.,JPN,USA,33.93333,130.93333,53.9,-166.53333,1,20.33,5.94,33.57,32.51
4374,5082,0.000147605248377,Lubeck,Tromso,DEU,NOR,53.86667,10.66667,69.65,18.96667,4,10.46,4.14,13.79,12.35
289,4729,0.0798562562017,Hunterston,Narvik,GBR,NOR,55.75,-4.88333,68.43333,17.43333,13,10.82,3.55,17.52,4.16
2123,4602,8.05819763414e-05,Grove Wharf,Neskaupstadur,GBR,ISL,53.6,-0.68333,65.15,-13.68333,1,11.33,4.59,2.44,34.3
5771,4729,0.321080403103,Port Talbot,Narvik,GBR,NOR,51.58333,-3.71667,68.43333,17.43333,16,11.66,3.55,14.68,4.16
3124,5066,7.0260353473e-05,Lerwick,Harstad,GBR,NOR,60.15,-1.13333,68.8,16.55,9,9.54,7,35.22,33.69
2003,3141,8.90568567736e-05,Kopervik,Barentsburg,NOR,SJM,59.28333,5.3,78.08333,14.21667,1,9.25,1.7,20.09,33.98
2762,1688,0.000147866698356,Aalborg,Kuummiut,DNK,GRL,57.05,9.91667,65.86667,-37,1,9.57,1.5,27.65,33.14
830,5610,0.000348833738185,Rotterdam,Straumsvik,NLD,ISL,51.9,4.48333,64.05,-22.05,93,11.4,7.39,1.78,34.7
966,4021,2.25089400155e-05,Halifax,Churchill,CAN,CAN,44.63333,-63.55,58.78333,-94.21667,1,8.53,4.32,22.85,26.33
1726,3218,0.000348833738185,Boston(GBR),Reykjavik,GBR,ISL,52.96667,-0.01667,64.14972,-21.9475,5,11.42,6.52,18.37,34.7
1831,5439,0.000167319957675,Tees,Finnsnes,GBR,NOR,54.58333,-1.16667,69.23333,17.96667,1,9.6,5.19,13.5,10.3
5605,5494,0.011256793926,San Francisco,Dutch Hbr.,USA,USA,37.8,-122.41667,53.9,-166.53333,51,15.79,5.94,12.02,32.51
944,6280,2.04614001633e-05,Vladivostok,Preobrazhenskoye,RUS,RUS,43.11667,131.88333,54.86667,167.66667,11,7.24,4.98,33.47,33.06
1831,2226,0.0156906639244,Tees,Gufunes,GBR,ISL,54.58333,-1.16667,64.15,-21.81667,1,9.6,6,13.5,34.7
6424,5066,0.000374862338324,Borg Hbr.,Harstad,NOR,NOR,59.2,10.95,68.8,16.55,10,8.16,7,27.36,33.69
528,3960,0.0882649949925,Archangel,Dudinka,RUS,RUS,64.53333,40.5,69.4,86.16667,81,4.01,0,22.19,0
161,5241,7.87548078655e-05,Sunderland,Murmansk,GBR,RUS,54.91667,-1.36667,68.96667,33.08333,1,9.58,3.37,34.46,6.55
938,5835,0.0266697620509,Europoort,Advent Bay,NLD,SJM,51.95,4.08333,78.25,15.58333,7,11.41,0.23,31.75,33.73
2388,5241,0.0786115603503,Las Palmas,Murmansk,CNI,RUS,28.13306,-15.43194,68.96667,33.08333,29,20.5,3.37,36.64,6.55
2559,2623,0.00020631700745,Varberg,Vestmannaeyjar,SWE,ISL,57.1,12.25,63.43333,-20.26667,1,9.65,8.51,19.44,34.93
4972,5066,8.08238786191e-05,Kungshamn,Harstad,SWE,NOR,58.36667,11.23333,68.8,16.55,1,9.21,7,26.99,33.69
3917,5082,4.32404309755e-05,Boston(USA),Tromso,USA,NOR,42.38333,-71.05,69.65,18.96667,1,11.82,4.14,16.59,12.35
5024,4021,0.0363873245824,Port Alfred,Churchill,CAN,CAN,48.33333,-70.86667,58.78333,-94.21667,1,4.66,4.32,26.18,26.33
4311,3621,0.000123950242185,Invergordon,Grindavik,GBR,ISL,57.68333,-4.16667,63.83333,-22.43333,2,9.11,7.22,15.86,34.68
3798,2186,0.000783277661162,Mongstad,Nuuk,NOR,GRL,60.81667,5.03333,64.16667,-51.73333,2,9.17,1.37,16.87,32.31
4640,1907,2.4845033555e-05,Southampton,Bodo,GBR,NOR,50.9,-1.4,67.28333,14.38333,2,12.36,7.04,21.88,32.78
3461,875,7.1684349722e-05,Flensburg,Thorshofn,DEU,ISL,54.8,9.43333,66.2,-15.33333,1,9.95,4.79,18.67,34.34
2355,5610,0.000230457376116,Kalundborg,Straumsvik,DNK,ISL,55.68333,11.08333,64.05,-22.05,3,10.2,7.39,18.06,34.7
5828,53,0.0135955828034,Xingang,Grundartangi,CHN,ISL,38.98333,117.75,64.35,-21.78333,4,15.3,5.13,28.98,24.33
3309,5082,0.000282693169851,Torrevieja,Tromso,ESP,NOR,37.96667,-0.68333,69.65,18.96667,5,18.92,4.14,37.28,12.35
1602,3218,0.00107141693956,Ventspils,Reykjavik,LVA,ISL,57.4,21.55,64.14972,-21.9475,7,8.62,6.52,7.89,34.7
4192,3507,0.000393308941528,Turku,Seydhisfjordur,FIN,ISL,60.43333,22.21667,65.25,-13.91667,1,7.21,4.1,6.13,23.89
127,5835,0.0208673088455,Kvinesdal,Advent Bay,NOR,SJM,58.3,7,78.25,15.58333,1,7.81,0.23,8.49,33.73
1602,4158,0.000188145726696,Ventspils,Faskrudhsfjordur,LVA,ISL,57.4,21.55,64.9295,-14.0119,2,8.62,6.015,7.89,34.471
1831,4729,0.143221485435,Tees,Narvik,GBR,NOR,54.58333,-1.16667,68.43333,17.43333,17,9.6,3.55,13.5,4.16
5019,3218,0.000134388287518,Dundee,Reykjavik,GBR,ISL,56.46667,-2.96667,64.14972,-21.9475,4,9.01,6.52,34.06,34.7
4246,5835,0.0266697620509,Flushing,Advent Bay,NLD,SJM,51.45,3.58333,78.25,15.58333,1,12.05,0.23,32.96,33.73
2945,3960,0.006209532671,Falmouth,Dudinka,GBR,RUS,50.16667,-5.05,69.4,86.16667,1,12.62,0,35.24,0
1988,6174,0.0207822940868,Oslo,Balsfjord,NOR,NOR,59.9,10.71667,69.31667,19.35,7,7.37,3.21,27.23,0.24
3125,1563,6.89680462226e-05,Fredericia,Thorlakshofn,DNK,ISL,55.56667,9.75,63.85,-21.33333,2,9.27,5.96,19.72,34.84
3309,2041,0.0163417657961,Torrevieja,Leirpollen,ESP,NOR,37.96667,-0.68333,70.38333,25.51667,1,18.92,3.45,37.28,34.23
204,5082,0.000241503097433,Sandefjord,Tromso,NOR,NOR,59.13333,10.23333,69.65,18.96667,3,9.31,4.14,27.11,12.35
4933,5494,0.000297507408977,Victoria(CAN),Dutch Hbr.,CAN,USA,48.41667,-123.38333,53.9,-166.53333,8,10.01,5.94,28.51,32.51
2935,4021,0.0251543461423,Liverpool,Churchill,GBR,CAN,53.41667,-3,58.78333,-94.21667,1,11.59,4.32,18.01,26.33
2756,4158,0.000124003627033,Copenhagen,Faskrudhsfjordur,DNK,ISL,55.7,12.61667,64.9295,-14.0119,1,9.22,6.015,15.05,34.471
2394,5241,0.0348870981644,Setubal,Murmansk,PRT,RUS,38.5,-8.91667,68.96667,33.08333,4,18.93,3.37,35.85,6.55
3394,5241,0.0809578993745,Corpus Christi,Murmansk,USA,RUS,27.8,-97.38333,68.96667,33.08333,5,23.82,3.37,12.95,6.55
4095,2378,0.000146351218009,Vyborg,Vopnafjordur,RUS,ISL,60.71667,28.73333,65.75,-14.81667,1,6.47,4.04,5,34.5
4884,5494,0.000297507408977,Rumoi,Dutch Hbr.,JPN,USA,43.95,141.63333,53.9,-166.53333,1,9.14,5.94,33.7,32.51
2015,2378,8.09347519932e-05,Kirkwall,Vopnafjordur,GBR,ISL,59,-2.98333,65.75,-14.81667,1,9.55,4.04,34.86,34.5
3861,5066,0.000586003239544,Karlstad,Harstad,SWE,NOR,59.38333,13.51667,68.8,16.55,1,7.4,7,0,33.69
1389,3621,8.09347519932e-05,Mo i Rana,Grindavik,NOR,ISL,66.31667,14.13333,63.83333,-22.43333,1,4.51,7.22,1.07,34.68
843,3141,0.0294322643835,Amsterdam,Barentsburg,NLD,SJM,52.36667,4.9,78.08333,14.21667,2,11.22,1.7,9.95,33.98
4059,374,0.000166983893515,Corunna,Hammerfall,ESP,NOR,43.38333,-8.36667,67.41667,15.53333,9,15.94,4.7,35.59,10.27
6026,4602,8.20046505579e-05,Jelsa,Neskaupstadur,NOR,ISL,59.33333,6.03333,65.15,-13.68333,1,8.02,4.59,30.08,34.3
4529,1671,8.20046505579e-05,Moerdijk,Akranes,NLD,ISL,51.7,4.61667,64.31667,-22.08333,1,11.62,7.29,1.65,34.65
4529,2623,8.89367802659e-05,Moerdijk,Vestmannaeyjar,NLD,ISL,51.7,4.61667,63.43333,-20.26667,1,11.62,8.51,1.65,34.93
4192,4602,0.015379967962,Turku,Neskaupstadur,FIN,ISL,60.43333,22.21667,65.15,-13.68333,2,7.21,4.59,6.13,34.3
3880,1725,8.88345774385e-05,Bremen,Ballangen,DEU,NOR,53.08333,8.78333,68.36667,16.93333,1,10.94,6.82,27.33,11.76
4529,3218,0.000138023694759,Moerdijk,Reykjavik,NLD,ISL,51.7,4.61667,64.14972,-21.9475,3,11.62,6.52,1.65,34.7
3649,2378,0.000237278592882,Aalesund,Vopnafjordur,NOR,ISL,62.46667,6.16667,65.75,-14.81667,1,8.03,4.04,33.17,34.5
1150,2623,8.87571192958e-05,Stornoway,Vestmannaeyjar,GBR,ISL,58.2,-6.38333,63.43333,-20.26667,2,10.34,8.51,34.65,34.93
4946,2623,9.27233458942e-05,Stord,Vestmannaeyjar,NOR,ISL,59.78333,5.51667,63.43333,-20.26667,1,9.01,8.51,12.02,34.93
2561,4021,0.0294626207589,Hampton Roads,Churchill,USA,CAN,36.9667,-76.3667,58.78333,-94.21667,1,15.602,4.32,23.096,26.33
843,5082,0.000300807869022,Amsterdam,Tromso,NLD,NOR,52.36667,4.9,69.65,18.96667,8,11.22,4.14,9.95,12.35
2649,4729,0.658658826057,Ymuiden,Narvik,NLD,NOR,52.45,4.58333,68.43333,17.43333,49,11.23,3.55,31.06,4.16
2594,4021,0.0342682917638,Philadelphia,Churchill,USA,CAN,39.9,-75.13333,58.78333,-94.21667,1,14.18,4.32,0,26.33
4015,5241,0.000673289430674,Slagen,Murmansk,NOR,RUS,59.31667,10.53333,68.96667,33.08333,1,8.11,3.37,27.23,6.55
2249,53,7.72290714843e-05,Riga,Grundartangi,LVA,ISL,56.96667,24.1,64.35,-21.78333,7,8.29,5.13,5.57,24.33
2721,5066,0.000305618192667,Lyngdal,Harstad,NOR,NOR,58.13333,7.03333,68.8,16.55,4,8.83,7,14.3,33.69
944,5494,0.000308482555604,Vladivostok,Dutch Hbr.,RUS,USA,43.11667,131.88333,53.9,-166.53333,20,7.24,5.94,33.47,32.51
3099,5494,0.00030698892251,Niigata,Dutch Hbr.,JPN,USA,37.95,139.06667,53.9,-166.53333,5,15.57,5.94,33.47,32.51
424,5082,8.88345774385e-05,Tonsberg,Tromso,NOR,NOR,59.26667,10.41667,69.65,18.96667,1,8.44,4.14,27.11,12.35
5025,3469,5.76069545489e-05,Emden,Hammerfest,DEU,NOR,53.35,7.18333,70.66667,23.66667,2,10.93,6.16,23.26,34.44
204,1907,0.000131614897106,Sandefjord,Bodo,NOR,NOR,59.13333,10.23333,67.28333,14.38333,1,9.31,7.04,27.11,32.78
5112,3218,0.000711198061157,Argentia,Reykjavik,CAN,ISL,47.3,-53.98333,64.14972,-21.9475,54,5.46,6.52,31.64,34.7
818,3772,0.0218733044343,Vostochnyy,Egvekinot,RUS,RUS,42.75,133.06667,66.33333,-179.03333,5,7.98,0.03,33.69,31.41
4309,2376,0.000590307697606,Vanino,Anadyr,RUS,RUS,49.08333,140.26667,64.73333,177.53333,3,8,0.24,32.94,28.25
3309,5066,0.000218626481634,Torrevieja,Harstad,ESP,NOR,37.96667,-0.68333,68.8,16.55,4,18.92,7,37.28,33.69
1916,3469,0.000198966783742,Hull,Hammerfest,GBR,NOR,53.75,-0.3,70.66667,23.66667,5,11.53,6.16,19.1,34.44
4851,5241,0.0376515997177,Ceuta,Murmansk,ESP,RUS,35.88333,-5.31667,68.96667,33.08333,7,17.89,3.37,36.42,6.55
3915,5241,0.0350981969006,Bilbao,Murmansk,ESP,RUS,43.31056,-3.02861,68.96667,33.08333,12,14.8,3.37,25.44,6.55
6407,53,0.00118202710682,Haavik,Grundartangi,NOR,ISL,59.31667,5.31667,64.35,-21.78333,1,9.25,5.13,21.84,24.33
424,5066,8.03808496818e-05,Tonsberg,Harstad,NOR,NOR,59.26667,10.41667,68.8,16.55,4,8.44,7,27.11,33.69
607,5082,8.92389353399e-05,Randers,Tromso,DNK,NOR,56.46667,10.05,69.65,18.96667,1,9.47,4.14,21.97,12.35
830,5241,0.584794973347,Rotterdam,Murmansk,NLD,RUS,51.9,4.48333,68.96667,33.08333,514,11.4,3.37,1.78,6.55
1158,3621,8.93125842356e-05,Glasson Dock,Grindavik,GBR,ISL,54,-2.83333,63.83333,-22.43333,1,11.33,7.22,19.84,34.68
4572,4021,0.0329246128244,New York,Churchill,USA,CAN,40.7,-74.01667,58.78333,-94.21667,2,14.04,4.32,12.04,26.33
528,5955,0.000647214464253,Archangel,Igarka,RUS,RUS,64.53333,40.5,67.5,86.66667,4,4.01,0.14,22.19,0
5368,5082,7.59154548119e-05,Bayonne,Tromso,FRA,NOR,43.5,-1.48333,69.65,18.96667,1,15.72,4.14,11.52,12.35
1675,4729,0.13265609005,Zeebrugge,Narvik,BEL,NOR,51.32306,3.21583,68.43333,17.43333,2,11.2,3.55,33.36,4.16
3326,5241,0.020970619087,Vila do Conde,Murmansk,BRA,RUS,-1.55,-48.75,68.96667,33.08333,3,27.54,3.37,11.21,6.55
5224,5241,0.000264220577065,Bejaia,Murmansk,DZA,RUS,36.72167,5.07389,68.96667,33.08333,2,19.09,3.37,36.95,6.55
731,4729,0.060831448895,Gibraltar,Narvik,GIB,NOR,36.15,-5.33333,68.43333,17.43333,10,17.78,3.55,36.43,4.16
253,3094,7.3232792023e-05,Belfast,Olafsfjordur,GBR,ISL,54.6,-5.93333,66.08333,-18.63333,1,10.85,5.03,21.04,34.43
4447,5082,0.0376459711943,Farsund,Tromso,NOR,NOR,58.1,6.81667,69.65,18.96667,3,8.86,4.14,16.6,12.35
576,3218,0.000257986863248,Antwerp,Reykjavik,BEL,ISL,51.24472,4.41139,64.14972,-21.9475,6,11.97,6.52,0.31,34.7
6424,875,0.000131614897106,Borg Hbr.,Thorshofn,NOR,ISL,59.2,10.95,66.2,-15.33333,3,8.16,4.79,27.36,34.34
5708,5494,0.000481416527317,Chiba,Dutch Hbr.,JPN,USA,35.56667,140.05,53.9,-166.53333,5,17.49,5.94,12.01,32.51
6424,4317,0.000235683428375,Borg Hbr.,Svolvaer,NOR,NOR,59.2,10.95,68.23333,14.56667,3,8.16,6.05,27.36,32.82
6026,2654,0.000159618921769,Jelsa,Reydharfjordur,NOR,ISL,59.33333,6.03333,65.0333,-14.2167,2,8.02,6.015,30.08,34.471
5112,2438,0.000406016196223,Argentia,Njardhvik,CAN,ISL,47.3,-53.98333,65.58333,-13.85,3,5.46,4.95,31.64,34.2
4423,5082,5.60657806193e-05,Dover,Tromso,GBR,NOR,51.11667,1.33333,69.65,18.96667,1,11.4,4.14,34.66,12.35
369,5241,0.000167596495223,Montreal,Murmansk,CAN,RUS,45.5,-73.55,68.96667,33.08333,6,8.54,3.37,0,6.55
1012,3469,0.00030773374603,Aberdeen(GBR),Hammerfest,GBR,NOR,57.15,-2.06667,70.66667,23.66667,8,9.88,6.16,34.64,34.44
1320,5241,0.000332353620493,Hirtshals,Murmansk,DNK,RUS,57.6,9.96667,68.96667,33.08333,7,9.71,3.37,31.44,6.55
2649,5241,0.000913415464352,Ymuiden,Murmansk,NLD,RUS,52.45,4.58333,68.96667,33.08333,23,11.23,3.37,31.06,6.55
5268,4021,0.0298619341229,Rouen,Churchill,FRA,CAN,49.48333,1.08333,58.78333,-94.21667,2,12.32,4.32,0,26.33
528,4927,0.000296953743317,Archangel,Pevek,RUS,RUS,64.53333,40.5,69.71667,170.3,1,4.01,0,22.19,28.02
2754,5066,0.00183833719314,Plymouth,Harstad,GBR,NOR,50.36667,-4.18333,68.8,16.55,2,12.46,7,35.2,33.69
1320,5082,0.000383186996252,Hirtshals,Tromso,DNK,NOR,57.6,9.96667,69.65,18.96667,12,9.71,4.14,31.44,12.35
5717,4729,0.0647249138401,Brunsbuttel,Narvik,DEU,NOR,53.9,9.13333,68.43333,17.43333,4,10.53,3.55,25.09,4.16
4492,5082,0.000105623429019,London,Tromso,GBR,NOR,51.5,-0.06667,69.65,18.96667,1,12.22,4.14,2.15,12.35
4529,374,8.93125842356e-05,Moerdijk,Hammerfall,NLD,NOR,51.7,4.61667,67.41667,15.53333,3,11.62,4.7,1.65,10.27
843,430,0.000133177292757,Amsterdam,Batsfjord,NLD,NOR,52.36667,4.9,70.63333,29.73333,1,11.22,3.39,9.95,34.76
3365,5082,6.88735661654e-05,Wismar,Tromso,DEU,NOR,53.9,11.46667,69.65,18.96667,2,10.49,4.14,14.09,12.35
42,5835,0.000169256607796,Immingham,Advent Bay,GBR,SJM,53.63333,-0.18333,78.25,15.58333,2,9.97,0.23,33.48,33.73
205,2548,0.000121599551092,Gothenburg,Akureyri,SWE,ISL,57.7,11.95,65.68333,-18.05,1,9.29,4.9,22.9,18.37
5363,1563,0.0173919098776,Klaipeda,Thorlakshofn,LTU,ISL,55.71667,21.13333,63.85,-21.33333,1,9.09,5.96,6.66,34.84
4714,5082,4.37032642593e-05,Larvik,Tromso,NOR,NOR,59.05,10.03333,69.65,18.96667,6,8.27,4.14,28.21,12.35
4703,4729,0.0598865356577,Iskenderun,Narvik,TUR,NOR,36.6,36.16667,68.43333,17.43333,1,22.67,3.55,39.14,4.16
835,3371,0.043752009794,Nordenham,Nanisivik,DEU,CAN,53.48333,8.48333,73.06667,-84.55,1,10.84,0,27.33,7.54
205,5241,0.0501579713573,Gothenburg,Murmansk,SWE,RUS,57.7,11.95,68.96667,33.08333,13,9.29,3.37,22.9,6.55
1697,4729,0.00706673777535,Bremerhaven,Narvik,DEU,NOR,53.55,8.58333,68.43333,17.43333,8,10.74,3.55,27.33,4.16
2993,5835,2.98369019375e-05,Hamburg,Advent Bay,DEU,SJM,53.55,9.96667,78.25,15.58333,4,10.61,0.23,25.09,33.73
3915,53,7.74223118549e-05,Bilbao,Grundartangi,ESP,ISL,43.31056,-3.02861,64.35,-21.78333,1,14.8,5.13,25.44,24.33
369,53,7.00811564863e-05,Montreal,Grundartangi,CAN,ISL,45.5,-73.55,64.35,-21.78333,1,8.54,5.13,0,24.33
1389,1220,8.36612543875e-05,Mo i Rana,Hafnarfjordur,NOR,ISL,66.31667,14.13333,64.06667,-21.91667,3,4.51,6.52,1.07,34.7
3309,1563,7.26998504971e-05,Torrevieja,Thorlakshofn,ESP,ISL,37.96667,-0.68333,63.85,-21.33333,1,18.92,5.96,37.28,34.84
2945,5241,0.0165875330595,Falmouth,Murmansk,GBR,RUS,50.16667,-5.05,68.96667,33.08333,24,12.62,3.37,35.24,6.55
3775,1142,0.0134660737713,Bergen,Torshavn,NOR,FRO,60.4,5.31667,62,-6.75,102,9,8.39,8.32,35.17
5808,53,0.0173458516544,Stavanger,Grundartangi,NOR,ISL,58.96667,5.73333,64.35,-21.78333,4,8.9,5.13,30.8,24.33
1304,1563,0.000182954035319,Szczecin,Thorlakshofn,POL,ISL,53.41667,14.55,63.85,-21.33333,2,10.61,5.96,7.8,34.84
681,53,0.000243084521779,Kristiansand,Grundartangi,NOR,ISL,58.15,8,64.35,-21.78333,17,8.79,5.13,30.89,24.33
3539,2226,0.01605381515,Rendsburg,Gufunes,DEU,ISL,54.31667,9.66667,64.15,-21.81667,1,10.36,6,25.09,34.7
4065,1220,0.000275567776596,Liepaja,Hafnarfjordur,LVA,ISL,56.51667,21.01667,64.06667,-21.91667,1,8.78,6.52,8.29,34.7
5808,1563,0.0344034665493,Stavanger,Thorlakshofn,NOR,ISL,58.96667,5.73333,63.85,-21.33333,2,8.9,5.96,30.8,34.84
856,1370,0.0153360446262,Freeport(BHS),Keflavik,BHS,ISL,26.515,-78.64472,64,-22.55,1,26.65,7.53,36.23,34.59
3125,5082,2.87701102311e-05,Fredericia,Tromso,DNK,NOR,55.56667,9.75,69.65,18.96667,5,9.27,4.14,19.72,12.35
576,5835,0.0204938230988,Antwerp,Advent Bay,BEL,SJM,51.24472,4.41139,78.25,15.58333,2,11.97,0.23,0.31,33.73
4015,5082,0.00601408425559,Slagen,Tromso,NOR,NOR,59.31667,10.53333,69.65,18.96667,21,8.11,4.14,27.23,12.35
3775,1370,0.0181718958003,Bergen,Keflavik,NOR,ISL,60.4,5.31667,64,-22.55,2,9,7.53,8.32,34.59
1708,2623,0.000816847003285,Moss,Vestmannaeyjar,NOR,ISL,59.43333,10.66667,63.43333,-20.26667,7,8.11,8.51,27.23,34.93
843,5241,0.301782122216,Amsterdam,Murmansk,NLD,RUS,52.36667,4.9,68.96667,33.08333,118,11.22,3.37,9.95,6.55
66,4602,8.22063042848e-05,Lancaster,Neskaupstadur,GBR,ISL,54,-2.85,65.15,-13.68333,1,11.33,4.59,19.84,34.3
3775,1235,0.000127042200229,Bergen,Eskifjordur,NOR,ISL,60.4,5.31667,65.08333,-13.98333,5,9,4.24,8.32,34.53
4483,1235,8.93125842356e-05,Elnesvagen,Eskifjordur,NOR,ISL,62.85,7.15,65.08333,-13.98333,1,8.43,4.24,23.35,34.53
5942,5469,0.000370968807786,Saint John(CAN),Deception Bay,CAN,CAN,45.26667,-66.06667,62.2333,-74.75,2,7.82,6.152,32.13,29.13
5359,5082,0.000385520902685,Hobro,Tromso,DNK,NOR,56.63333,9.8,69.65,18.96667,2,9.5,4.14,21.97,12.35
4872,3469,7.441222809e-05,Ibiza,Hammerfest,ESP,NOR,38.9,1.46667,70.66667,23.66667,2,18.95,6.16,37.48,34.44
4538,3218,0.0157682644534,Ghent,Reykjavik,BEL,ISL,51.08806,3.74528,64.14972,-21.9475,4,12.14,6.52,1.55,34.7
2756,1220,0.000281114795356,Copenhagen,Hafnarfjordur,DNK,ISL,55.7,12.61667,64.06667,-21.91667,2,9.22,6.52,15.05,34.7
5639,3621,6.30743121106e-05,Almeria,Grindavik,ESP,ISL,36.83333,-2.5,63.83333,-22.43333,3,19.75,7.22,36.8,34.68
3658,5494,0.000238767505225,Porbandar,Dutch Hbr.,IND,USA,21.6,69.6,53.9,-166.53333,1,26.85,5.94,36.07,32.51
4492,1907,0.0180042386929,London,Bodo,GBR,NOR,51.5,-0.06667,67.28333,14.38333,1,12.22,7.04,2.15,32.78
830,4158,7.87870981604e-05,Rotterdam,Faskrudhsfjordur,NLD,ISL,51.9,4.48333,64.9295,-14.0119,1,11.4,6.015,1.78,34.471
2762,53,0.0173522841574,Aalborg,Grundartangi,DNK,ISL,57.05,9.91667,64.35,-21.78333,2,9.57,5.13,27.65,24.33
5268,2041,0.000166983893515,Rouen,Leirpollen,FRA,NOR,49.48333,1.08333,70.38333,25.51667,1,12.32,3.45,0,34.23
1661,1142,0.00013233670619,Ahus,Torshavn,SWE,FRO,55.93333,14.31667,62,-6.75,1,8.33,8.39,7.47,35.17
2531,5082,0.000162821901243,Esbjerg,Tromso,DNK,NOR,55.46667,8.43333,69.65,18.96667,5,9.84,4.14,30.65,12.35
369,3371,0.0626281287984,Montreal,Nanisivik,CAN,CAN,45.5,-73.55,73.06667,-84.55,4,8.54,0,0,7.54
324,3469,4.80231300589e-05,Grimsby,Hammerfest,GBR,NOR,53.58333,-0.06667,70.66667,23.66667,2,9.97,6.16,33.48,34.44
1988,5082,0.0134807676241,Oslo,Tromso,NOR,NOR,59.9,10.71667,69.65,18.96667,21,7.37,4.14,27.23,12.35
2762,3781,0.000206703193872,Aalborg,Kulusuk,DNK,GRL,57.05,9.91667,65.53333,-37.25,2,9.57,2.07,27.65,33.14
2561,3218,0.00287106855139,Hampton Roads,Reykjavik,USA,ISL,36.9667,-76.3667,64.14972,-21.9475,29,15.602,6.52,23.096,34.7
5717,3218,0.000296480819769,Brunsbuttel,Reykjavik,DEU,ISL,53.9,9.13333,64.14972,-21.9475,1,10.53,6.52,25.09,34.7
2003,4158,0.000233190296112,Kopervik,Faskrudhsfjordur,NOR,ISL,59.28333,5.3,64.9295,-14.0119,1,9.25,6.015,20.09,34.471
4485,3218,0.000393308941528,Kolobrzeg,Reykjavik,POL,ISL,54.18333,15.56667,64.14972,-21.9475,1,10.94,6.52,7.81,34.7
3309,3469,0.000207831550742,Torrevieja,Hammerfest,ESP,NOR,37.96667,-0.68333,70.66667,23.66667,2,18.92,6.16,37.28,34.44
1389,53,0.017439577252,Mo i Rana,Grundartangi,NOR,ISL,66.31667,14.13333,64.35,-21.78333,25,4.51,5.13,1.07,24.33
2531,1220,0.000281134614951,Esbjerg,Hafnarfjordur,DNK,ISL,55.46667,8.43333,64.06667,-21.91667,5,9.84,6.52,30.65,34.7
3052,2041,0.0173522841574,Aughinish Is.,Leirpollen,IRL,NOR,52.63333,-9.05,70.38333,25.51667,1,11.76,3.45,7.64,34.23
3766,4021,0.0330025411501,Brest,Churchill,FRA,CAN,48.38333,-4.48333,58.78333,-94.21667,1,13.07,4.32,23.54,26.33
1988,4317,0.000638125790388,Oslo,Svolvaer,NOR,NOR,59.9,10.71667,68.23333,14.56667,18,7.37,6.05,27.23,32.82
66,3218,7.46098435316e-05,Lancaster,Reykjavik,GBR,ISL,54,-2.85,64.14972,-21.9475,1,11.33,6.52,19.84,34.7
1823,5066,5.87706922257e-05,Cuxhaven,Harstad,DEU,NOR,53.86667,8.7,68.8,16.55,2,10.94,7,25.09,33.69
830,53,0.000249250381016,Rotterdam,Grundartangi,NLD,ISL,51.9,4.48333,64.35,-21.78333,34,11.4,5.13,1.78,24.33
2249,3218,0.000239821767549,Riga,Reykjavik,LVA,ISL,56.96667,24.1,64.14972,-21.9475,31,8.29,6.52,5.57,34.7
1916,5082,0.000274312859046,Hull,Tromso,GBR,NOR,53.75,-0.3,69.65,18.96667,11,11.53,4.14,19.1,12.35
2762,113,0.000210878875376,Aalborg,Qaqortoq,DNK,GRL,57.05,9.91667,60.71667,-46.03333,6,9.57,1.29,27.65,32.22
938,1725,8.88345774385e-05,Europoort,Ballangen,NLD,NOR,51.95,4.08333,68.36667,16.93333,1,11.41,6.82,31.75,11.76
5493,5494,0.00217067628918,Osaka,Dutch Hbr.,JPN,USA,34.65,135.4,53.9,-166.53333,11,18.56,5.94,32.48,32.51
731,4021,0.0218039577312,Gibraltar,Churchill,GIB,CAN,36.15,-5.33333,58.78333,-94.21667,7,17.78,4.32,36.43,26.33
3978,1142,8.90906106368e-05,Kaliningrad,Torshavn,RUS,FRO,54.71667,20.51667,62,-6.75,23,9.3,8.39,7.48,35.17
1708,5066,0.000355290963065,Moss,Harstad,NOR,NOR,59.43333,10.66667,68.8,16.55,9,8.11,7,27.23,33.69
3649,1142,0.000850761423746,Aalesund,Torshavn,NOR,FRO,62.46667,6.16667,62,-6.75,18,8.03,8.39,33.17,35.17
42,4729,0.392774426088,Immingham,Narvik,GBR,NOR,53.63333,-0.18333,68.43333,17.43333,42,9.97,3.55,33.48,4.16
6494,5241,0.000166190619908,Velsen,Murmansk,NLD,RUS,52.46667,4.63333,68.96667,33.08333,29,11.23,3.37,17.3,6.55
2762,3507,8.15785266481e-05,Aalborg,Seydhisfjordur,DNK,ISL,57.05,9.91667,65.25,-13.91667,1,9.57,4.1,27.65,23.89
5808,604,8.8795797915e-05,Stavanger,Isafjordur,NOR,ISL,58.96667,5.73333,66.08333,-23.1,1,8.9,5.31,30.8,34.49
4008,5610,0.0460125836074,Durban,Straumsvik,ZAF,ISL,-29.86667,31.03333,64.05,-22.05,1,23.67,7.39,35.29,34.7
3880,5241,0.0410392194075,Bremen,Murmansk,DEU,RUS,53.08333,8.78333,68.96667,33.08333,28,10.94,3.37,27.33,6.55
2490,4602,0.000331732108192,Maaloy,Neskaupstadur,NOR,ISL,61.91667,5.11667,65.15,-13.68333,6,8.12,4.59,17.88,34.3
4322,5241,0.0225160588137,Christiansted,Murmansk,VIR,RUS,17.74694,-64.69778,68.96667,33.08333,1,27.38,3.37,35.4,6.55
4444,2378,0.000123950242185,Grangemouth,Vopnafjordur,GBR,ISL,56.03333,-3.68333,65.75,-14.81667,3,10.58,4.04,11.94,34.5
42,5066,0.000161626198618,Immingham,Harstad,GBR,NOR,53.63333,-0.18333,68.8,16.55,1,9.97,7,33.48,33.69
5777,1235,7.41988947516e-05,Ystad,Eskifjordur,SWE,ISL,55.43333,13.83333,65.08333,-13.98333,1,9.64,4.24,6.8,34.53
4123,5241,8.06098043669e-05,Delfzijl,Murmansk,NLD,RUS,53.33333,6.93333,68.96667,33.08333,6,10.44,3.37,30.76,6.55
502,5494,0.000633563894638,Kawasaki,Dutch Hbr.,JPN,USA,35.5,139.75,53.9,-166.53333,4,17.94,5.94,19.95,32.51
5645,1142,0.000242784605208,Floro,Torshavn,NOR,FRO,61.6,5.03333,62,-6.75,5,8.17,8.39,32.45,35.17
830,3960,0.0885927895844,Rotterdam,Dudinka,NLD,RUS,51.9,4.48333,69.4,86.16667,25,11.4,0,1.78,0
4851,2623,0.000296520756529,Ceuta,Vestmannaeyjar,ESP,ISL,35.88333,-5.31667,63.43333,-20.26667,7,17.89,8.51,36.42,34.93
2239,2654,0.000122060804306,Haugesund,Reydharfjordur,NOR,ISL,59.41667,5.26667,65.0333,-14.2167,13,9.22,6.015,26.52,34.471
424,1235,8.08238786191e-05,Tonsberg,Eskifjordur,NOR,ISL,59.26667,10.41667,65.08333,-13.98333,1,8.44,4.24,27.11,34.53
830,5082,0.0036859947474,Rotterdam,Tromso,NLD,NOR,51.9,4.48333,69.65,18.96667,5,11.4,4.14,1.78,12.35
1140,5241,0.0356668072809,Montoir,Murmansk,FRA,RUS,47.33333,-2.13333,68.96667,33.08333,9,13.9,3.37,13.23,6.55
3216,3218,7.87548078655e-05,Nantes,Reykjavik,FRA,ISL,47.23333,-1.56667,64.14972,-21.9475,1,13.79,6.52,0.56,34.7
5256,5082,7.13351582909e-05,Kolding,Tromso,DNK,NOR,55.5,9.5,69.65,18.96667,1,9.54,4.14,19.47,12.35
4447,4729,0.0744957886124,Farsund,Narvik,NOR,NOR,58.1,6.81667,68.43333,17.43333,4,8.86,3.55,16.6,4.16
830,2623,0.000262505937855,Rotterdam,Vestmannaeyjar,NLD,ISL,51.9,4.48333,63.43333,-20.26667,3,11.4,8.51,1.78,34.93
693,53,8.05819763414e-05,Porsgrunn,Grundartangi,NOR,ISL,59.13333,9.65,64.35,-21.78333,1,7.63,5.13,8.71,24.33
2015,3469,0.000323631696741,Kirkwall,Hammerfest,GBR,NOR,59,-2.98333,70.66667,23.66667,2,9.55,6.16,34.86,34.44
3917,1235,0.000304549492652,Boston(USA),Eskifjordur,USA,ISL,42.38333,-71.05,65.08333,-13.98333,1,11.82,4.24,16.59,34.53
4246,5066,0.000158425785457,Flushing,Harstad,NLD,NOR,51.45,3.58333,68.8,16.55,1,12.05,7,32.96,33.69
2707,2378,8.05819763414e-05,Dundalk,Vopnafjordur,IRL,ISL,54,-6.38333,65.75,-14.81667,1,11.45,4.04,21.18,34.5
6424,2378,0.00011692317802,Borg Hbr.,Vopnafjordur,NOR,ISL,59.2,10.95,65.75,-14.81667,1,8.16,4.04,27.36,34.5
1304,1220,8.8795797915e-05,Szczecin,Hafnarfjordur,POL,ISL,53.41667,14.55,64.06667,-21.91667,1,10.61,6.52,7.8,34.7
1304,2812,0.0227264720849,Szczecin,Kandalaksha,POL,RUS,53.41667,14.55,67.13333,32.43333,1,10.61,3.09,7.8,21.66
2756,1142,0.00118725828322,Copenhagen,Torshavn,DNK,FRO,55.7,12.61667,62,-6.75,21,9.22,8.39,15.05,35.17
1917,5082,4.99647341308e-05,Leixoes,Tromso,PRT,NOR,41.18333,-8.71667,69.65,18.96667,1,16.45,4.14,35.49,12.35
677,3094,0.000131614897106,Kristiansund,Olafsfjordur,NOR,ISL,63.11667,7.73333,66.08333,-18.63333,1,8.61,5.03,32.8,34.43
2123,2378,6.89680462226e-05,Grove Wharf,Vopnafjordur,GBR,ISL,53.6,-0.68333,65.75,-14.81667,1,11.33,4.04,2.44,34.5
3695,2378,8.8832205121e-05,Trondheim,Vopnafjordur,NOR,ISL,63.43333,10.4,65.75,-14.81667,3,6.98,4.04,3.06,34.5
1802,5241,0.0537609752413,Paramaribo,Murmansk,SUR,RUS,5.83333,-55.16667,68.96667,33.08333,2,27.58,3.37,11.27,6.55
2331,4021,0.0169055656508,Houston,Churchill,USA,CAN,29.75,-95.33333,58.78333,-94.21667,2,22.05,4.32,0.22,26.33
576,1835,0.0294322643835,Antwerp,Kjopsvik,BEL,NOR,51.24472,4.41139,68.08333,16.38333,1,11.97,6.91,0.31,14.7
2905,4729,0.000710576815255,Sheerness,Narvik,GBR,NOR,51.43333,0.73333,68.43333,17.43333,1,12.17,3.55,20.5,4.16
938,2623,0.000816214892474,Europoort,Vestmannaeyjar,NLD,ISL,51.95,4.08333,63.43333,-20.26667,3,11.41,8.51,31.75,34.93
4171,2623,8.22409989883e-05,Drogheda,Vestmannaeyjar,IRL,ISL,53.71667,-6.35,63.43333,-20.26667,1,11.23,8.51,17.43,34.93
3486,4729,0.373297291189,Aabenraa,Narvik,DNK,NOR,55.03333,9.43333,68.43333,17.43333,12,9.69,3.55,18.67,4.16
5256,3986,8.09347519932e-05,Kolding,Stokmarknes,DNK,NOR,55.5,9.5,68.56667,14.91667,1,9.54,5.96,19.47,32.78
4032,4317,7.12292566879e-05,Halmstad,Svolvaer,SWE,NOR,56.66667,12.85,68.23333,14.56667,1,9.59,6.05,17.32,32.82
3978,2424,0.000135318339355,Kaliningrad,Djupivogur,RUS,ISL,54.71667,20.51667,64.66667,-14.25,1,9.3,6.6,7.48,34.85
830,4729,0.105870453732,Rotterdam,Narvik,NLD,NOR,51.9,4.48333,68.43333,17.43333,73,11.4,3.55,1.78,4.16
1320,53,8.83729629179e-05,Hirtshals,Grundartangi,DNK,ISL,57.6,9.96667,64.35,-21.78333,1,9.71,5.13,31.44,24.33
4444,1128,8.86591567818e-05,Grangemouth,Sorreisa,GBR,NOR,56.03333,-3.68333,69.13333,18.13333,1,10.58,3.37,11.94,4.3
2531,5241,0.00079660252728,Esbjerg,Murmansk,DNK,RUS,55.46667,8.43333,68.96667,33.08333,9,9.84,3.37,30.65,6.55
677,1235,0.000405167121541,Kristiansund,Eskifjordur,NOR,ISL,63.11667,7.73333,65.08333,-13.98333,2,8.61,4.24,32.8,34.53
5513,4729,0.390332003368,Dunkirk,Narvik,FRA,NOR,51.05,2.35,68.43333,17.43333,53,11.61,3.55,34.35,4.16
693,5066,0.000147345681902,Porsgrunn,Harstad,NOR,NOR,59.13333,9.65,68.8,16.55,3,7.63,7,8.71,33.69
3798,875,0.000747931980155,Mongstad,Thorshofn,NOR,ISL,60.81667,5.03333,66.2,-15.33333,1,9.17,4.79,16.87,34.34
2993,5082,0.00130788154088,Hamburg,Tromso,DEU,NOR,53.55,9.96667,69.65,18.96667,18,10.61,4.14,25.09,12.35
4714,5066,0.000172864417955,Larvik,Harstad,NOR,NOR,59.05,10.03333,68.8,16.55,8,8.27,7,28.21,33.69
6360,6311,0.0428381342724,Tanjung Bara,Red Dog,IDN,USA,0.53333,117.63333,67.58333,-164.05,1,28.29,0.36,33.34,30.12
4492,5241,0.0278312469765,London,Murmansk,GBR,RUS,51.5,-0.06667,68.96667,33.08333,10,12.22,3.37,2.15,6.55
5546,3218,0.000135831609436,Holla,Reykjavik,NOR,ISL,63.28333,9.11667,64.14972,-21.9475,1,6.49,6.52,11.98,34.7
5295,5494,0.00265735665249,Busan,Dutch Hbr.,KOR,USA,35.1,129.06667,53.9,-166.53333,189,16.45,5.94,33.56,32.51
4538,374,0.0173919098776,Ghent,Hammerfall,BEL,NOR,51.08806,3.74528,67.41667,15.53333,2,12.14,4.7,1.55,10.27
2138,604,0.000251951081635,Swinoujscie,Isafjordur,POL,ISL,53.93333,14.28333,66.08333,-23.1,1,9.07,5.31,7.8,34.49
4246,4021,0.025407560683,Flushing,Churchill,NLD,CAN,51.45,3.58333,58.78333,-94.21667,1,12.05,4.32,32.96,26.33
1949,5082,0.000798971447048,Kiel,Tromso,DEU,NOR,54.31667,10.13333,69.65,18.96667,4,10.32,4.14,15.94,12.35
295,4158,7.89863463023e-05,Newport,Faskrudhsfjordur,GBR,ISL,51.56667,-2.98333,64.9295,-14.0119,1,11.76,6.015,12.48,34.471
2399,2812,0.000408212104285,Mosjoen,Kandalaksha,NOR,RUS,65.83333,13.18333,67.13333,32.43333,25,5.71,3.09,8.56,21.66
1817,5241,0.0388053564719,Conakry,Murmansk,GIN,RUS,9.5,-13.71667,68.96667,33.08333,12,26.85,3.37,32.96,6.55
78,3218,0.00032117383787,Killingholme,Reykjavik,GBR,ISL,53.66667,-0.23333,64.14972,-21.9475,1,9.97,6.52,33.48,34.7
1732,4021,0.034149010526,Everingen,Churchill,NLD,CAN,51.4633,3.6739,58.78333,-94.21667,1,12.077,4.32,32.32,26.33
4640,5835,0.00250892183023,Southampton,Advent Bay,GBR,SJM,50.9,-1.4,78.25,15.58333,1,12.36,0.23,21.88,33.73
2442,5494,0.00188475955216,Shiogama,Dutch Hbr.,JPN,USA,38.31667,141.03333,53.9,-166.53333,27,13.92,5.94,33.57,32.51
1826,3218,7.87892022173e-05,Pasajes,Reykjavik,ESP,ISL,43.33333,-1.93333,64.14972,-21.9475,1,15.24,6.52,35.17,34.7
938,4729,0.756784809516,Europoort,Narvik,NLD,NOR,51.95,4.08333,68.43333,17.43333,36,11.41,3.55,31.75,4.16
2388,5610,0.0460125836074,Las Palmas,Straumsvik,CNI,ISL,28.13306,-15.43194,64.05,-22.05,1,20.5,7.39,36.64,34.7
4274,5082,9.14566313017e-05,Horten,Tromso,NOR,NOR,59.41667,10.5,69.65,18.96667,2,7.97,4.14,27.23,12.35
2145,3218,0.0002371222429,Tyne,Reykjavik,GBR,ISL,55,-1.43333,64.14972,-21.9475,3,9.62,6.52,34.46,34.7
3649,2654,7.80557095164e-05,Aalesund,Reydharfjordur,NOR,ISL,62.46667,6.16667,65.0333,-14.2167,3,8.03,6.015,33.17,34.471
4274,4414,0.000167902459005,Horten,Honningsvaag,NOR,NOR,59.41667,10.5,70.98333,25.98333,1,7.97,6.02,27.23,34.34
3978,2378,0.000133775292061,Kaliningrad,Vopnafjordur,RUS,ISL,54.71667,20.51667,65.75,-14.81667,2,9.3,4.04,7.48,34.5
4444,1235,0.000125599239634,Grangemouth,Eskifjordur,GBR,ISL,56.03333,-3.68333,65.08333,-13.98333,4,10.58,4.24,11.94,34.53
843,1671,0.00011914137527,Amsterdam,Akranes,NLD,ISL,52.36667,4.9,64.31667,-22.08333,1,11.22,7.29,9.95,34.65
2993,5241,0.134978619243,Hamburg,Murmansk,DEU,RUS,53.55,9.96667,68.96667,33.08333,116,10.61,3.37,25.09,6.55
4942,3960,0.102486763312,Terneuzen,Dudinka,NLD,RUS,51.33333,3.81667,69.4,86.16667,5,12.1,0,14.36,0
3146,3034,8.09347519932e-05,Marstal,Siglufjordur,DNK,ISL,54.85,10.51667,66.2,-18.86667,1,9.29,4.06,15.82,34.47
2239,1142,0.00013233670619,Haugesund,Torshavn,NOR,FRO,59.41667,5.26667,62,-6.75,11,9.22,8.39,26.52,35.17
1320,5066,0.000488093964118,Hirtshals,Harstad,DNK,NOR,57.6,9.96667,68.8,16.55,21,9.71,7,31.44,33.69
3444,6280,0.000240393083591,Nakhodka,Preobrazhenskoye,RUS,RUS,42.8,132.9,54.86667,167.66667,3,8.11,4.98,33.66,33.06
253,2378,7.60136537152e-05,Belfast,Vopnafjordur,GBR,ISL,54.6,-5.93333,65.75,-14.81667,2,10.85,4.04,21.04,34.5
3646,5066,0.000158425785457,Harwich,Harstad,GBR,NOR,51.95,1.28333,68.8,16.55,2,11.25,7,34.58,33.69
1732,3960,0.0266697620509,Everingen,Dudinka,NLD,RUS,51.4633,3.6739,69.4,86.16667,1,12.077,0,32.32,0
4190,1220,0.000304549492652,Harbour Grace,Hafnarfjordur,CAN,ISL,47.68333,-53.21667,64.06667,-21.91667,1,5.89,6.52,31.86,34.7
2823,225,1.87575761254e-05,Aarhus,Narsarsuaq,DNK,GRL,56.15,10.21667,61.15,-45.43333,1,9.62,3.15,20.52,15.34
3124,2343,3.95397484385e-05,Lerwick,Gravdal,GBR,NOR,60.15,-1.13333,68.11667,13.55,1,9.54,6.92,35.22,33.05
1389,5835,0.000169256607796,Mo i Rana,Advent Bay,NOR,SJM,66.31667,14.13333,78.25,15.58333,3,4.51,0.23,1.07,33.73
6424,3218,0.000832955705835,Borg Hbr.,Reykjavik,NOR,ISL,59.2,10.95,64.14972,-21.9475,15,8.16,6.52,27.36,34.7
3617,5082,2.80403150856e-05,Cherbourg,Tromso,FRA,NOR,49.64111,-1.61417,69.65,18.96667,1,12.46,4.14,35.03,12.35
3432,5494,0.000304549492652,Fuzhou,Dutch Hbr.,CHN,USA,26.05,119.3,53.9,-166.53333,1,22.15,5.94,1.82,32.51
2762,102,0.00152242532584,Aalborg,Aasiaat,DNK,GRL,57.05,9.91667,68.71667,-52.88333,7,9.57,1.55,27.65,33.33
5268,1835,0.0418553860777,Rouen,Kjopsvik,FRA,NOR,49.48333,1.08333,68.08333,16.38333,1,12.32,6.91,0,14.7
2299,374,0.000256080597678,Hoganas,Hammerfall,SWE,NOR,56.2,12.55,67.41667,15.53333,2,10.02,4.7,16.36,10.27
2756,2378,0.000748698562527,Copenhagen,Vopnafjordur,DNK,ISL,55.7,12.61667,65.75,-14.81667,3,9.22,4.04,15.05,34.5
1930,6188,0.000131614897106,Vestnes,Helguvik,NOR,ISL,62.63333,7.06667,64.38333,-21.46667,1,7.25,4.85,18.82,19.36
3522,53,0.000121873506492,Matanzas(VEN),Grundartangi,VEN,ISL,8.28333,-62.85,64.35,-21.78333,2,27.9,5.13,0,24.33
3695,875,8.23446080365e-05,Trondheim,Thorshofn,NOR,ISL,63.43333,10.4,66.2,-15.33333,1,6.98,4.79,3.06,34.34
5393,3218,0.00351686313915,St. Petersburg,Reykjavik,RUS,ISL,59.93333,30.3,64.14972,-21.9475,20,7.16,6.52,5,34.7
944,5788,0.00140227202522,Vladivostok,Tiksi,RUS,RUS,43.11667,131.88333,71.66667,129,1,7.24,0,33.47,8.22
3880,1835,0.0418553860777,Bremen,Kjopsvik,DEU,NOR,53.08333,8.78333,68.08333,16.38333,2,10.94,6.91,27.33,14.7
1375,5955,0.0192439130389,Uddevalla,Igarka,SWE,RUS,58.35,11.91667,67.5,86.66667,1,8.4,0.14,26.06,0
4876,53,0.000372035984626,Police,Grundartangi,POL,ISL,53.55,14.6,64.35,-21.78333,3,10.69,5.13,7.8,24.33
3917,1142,0.000254381119113,Boston(USA),Torshavn,USA,FRO,42.38333,-71.05,62,-6.75,2,11.82,8.39,16.59,35.17
2690,1671,7.12914183034e-05,Garrucha,Akranes,ESP,ISL,37.16667,-1.83333,64.31667,-22.08333,3,18.84,7.29,37.27,34.65
3798,1142,0.00104769965946,Mongstad,Torshavn,NOR,FRO,60.81667,5.03333,62,-6.75,120,9.17,8.39,16.87,35.17
235,3469,6.84960418081e-05,La Canal,Hammerfest,ESP,NOR,38.83333,1.38333,70.66667,23.66667,1,18.95,6.16,37.48,34.44
3327,3778,0.00119835331134,Everett(WA),Provideniya,USA,RUS,47.98333,-122.21667,64.41667,-173.25,1,12.34,0.79,28.93,32.01
4309,7694,0.000237746563204,Vanino,Korf,RUS,RUS,49.08333,140.26667,60.36667,165.01667,2,8,0.85,32.94,8.3
1831,5610,0.000296480819769,Tees,Straumsvik,GBR,ISL,54.58333,-1.16667,64.05,-22.05,15,9.6,7.39,13.5,34.7
3836,1239,0.000119643838444,Follafoss,Raufarhofn,NOR,ISL,63.98333,11.1,66.45,-15.9,1,6.73,4.64,0,34.34
4095,1370,2.49642484906e-05,Vyborg,Keflavik,RUS,ISL,60.71667,28.73333,64,-22.55,1,6.47,7.53,5,34.59
6424,1563,0.000131543422866,Borg Hbr.,Thorlakshofn,NOR,ISL,59.2,10.95,63.85,-21.33333,1,8.16,5.96,27.36,34.84
2275,1563,8.03787031202e-05,Cork,Thorlakshofn,IRL,ISL,51.9,-8.46667,63.85,-21.33333,1,11.8,5.96,17.01,34.84
4247,4729,0.0596334722141,Lisbon,Narvik,PRT,NOR,38.73333,-9.11667,68.43333,17.43333,2,18.95,3.55,15.35,4.16
5808,3218,0.00089137606118,Stavanger,Reykjavik,NOR,ISL,58.96667,5.73333,64.14972,-21.9475,15,8.9,6.52,30.8,34.7
1141,53,8.15785266481e-05,New Ross,Grundartangi,IRL,ISL,52.4,-6.95,64.35,-21.78333,1,11.47,5.13,8.53,24.33
1389,1671,8.9053026313e-05,Mo i Rana,Akranes,NOR,ISL,66.31667,14.13333,64.31667,-22.08333,2,4.51,7.29,1.07,34.65
2490,3218,0.000125865122921,Maaloy,Reykjavik,NOR,ISL,61.91667,5.11667,64.14972,-21.9475,3,8.12,6.52,17.88,34.7
3125,5241,0.0525535960059,Fredericia,Murmansk,DNK,RUS,55.56667,9.75,68.96667,33.08333,10,9.27,3.37,19.72,6.55
576,2395,0.00423384097805,Antwerp,Grundarfjordur,BEL,ISL,51.24472,4.41139,64.91667,-23.21667,1,11.97,5.29,0.31,33.95
3257,4602,7.48492280969e-05,Tallinn,Neskaupstadur,EST,ISL,59.45,24.75,65.15,-13.68333,2,7.27,4.59,5.81,34.3
4164,5082,0.000363865492585,Mandal,Tromso,NOR,NOR,58.03333,7.46667,69.65,18.96667,2,8.54,4.14,31.29,12.35
1708,4317,0.000351734236545,Moss,Svolvaer,NOR,NOR,59.43333,10.66667,68.23333,14.56667,7,8.11,6.05,27.23,32.82
2756,1239,0.000393308941528,Copenhagen,Raufarhofn,DNK,ISL,55.7,12.61667,66.45,-15.9,1,9.22,4.64,15.05,34.34
1732,4729,0.00508605249238,Everingen,Narvik,NLD,NOR,51.4633,3.6739,68.43333,17.43333,3,12.077,3.55,32.32,4.16
1916,5241,0.0673228829915,Hull,Murmansk,GBR,RUS,53.75,-0.3,68.96667,33.08333,51,11.53,3.37,19.1,6.55
2823,3218,0.00121693869345,Aarhus,Reykjavik,DNK,ISL,56.15,10.21667,64.14972,-21.9475,59,9.62,6.52,20.52,34.7
3595,5241,0.00411747170883,Alexandria(EGY),Murmansk,EGY,RUS,31.18333,29.86667,68.96667,33.08333,2,21.82,3.37,38.71,6.55
205,3371,0.033823876192,Gothenburg,Nanisivik,SWE,CAN,57.7,11.95,73.06667,-84.55,1,9.29,0,22.9,7.54
3775,2812,0.000774467191151,Bergen,Kandalaksha,NOR,RUS,60.4,5.31667,67.13333,32.43333,4,9,3.09,8.32,21.66
5584,53,0.0466746429,Orkanger,Grundartangi,NOR,ISL,63.31667,9.85,64.35,-21.78333,9,6.07,5.13,3.66,24.33
4851,4414,8.38995528906e-05,Ceuta,Honningsvaag,ESP,NOR,35.88333,-5.31667,70.98333,25.98333,2,17.89,6.02,36.42,34.34
2756,1671,8.90568567736e-05,Copenhagen,Akranes,DNK,ISL,55.7,12.61667,64.31667,-22.08333,1,9.22,7.29,15.05,34.65
4447,4317,8.20046505579e-05,Farsund,Svolvaer,NOR,NOR,58.1,6.81667,68.23333,14.56667,1,8.86,6.05,16.6,32.82
2935,4729,0.03872884081,Liverpool,Narvik,GBR,NOR,53.41667,-3,68.43333,17.43333,7,11.59,3.55,18.01,4.16
2993,2226,8.38995528906e-05,Hamburg,Gufunes,DEU,ISL,53.55,9.96667,64.15,-21.81667,1,10.61,6,25.09,34.7
1964,5610,0.0473102550517,Gove,Straumsvik,AUS,ISL,-12.18806,136.6875,64.05,-22.05,3,27.7,7.39,34.06,34.7
3370,4021,0.0418553860777,Veracruz,Churchill,MEX,CAN,19.2,-96.13333,58.78333,-94.21667,1,26.33,4.32,35.75,26.33
4005,2186,0.000209059595672,Skagen,Nuuk,DNK,GRL,57.71667,10.6,64.16667,-51.73333,2,9.46,1.37,27.5,32.31
4640,5082,0.000255475547058,Southampton,Tromso,GBR,NOR,50.9,-1.4,69.65,18.96667,5,12.36,4.14,21.88,12.35
4470,53,8.19688525457e-05,Lillesand,Grundartangi,NOR,ISL,58.25,8.38333,64.35,-21.78333,1,8.82,5.13,31.18,24.33
3798,3218,0.00923740219842,Mongstad,Reykjavik,NOR,ISL,60.81667,5.03333,64.14972,-21.9475,62,9.17,6.52,16.87,34.7
3278,173,7.85954326189e-05,Holyhead,Glomfjord,GBR,NOR,53.31667,-4.61667,66.81667,13.61667,1,10.69,7.52,33.98,17.19
5268,5241,0.0168958230709,Rouen,Murmansk,FRA,RUS,49.48333,1.08333,68.96667,33.08333,13,12.32,3.37,0,6.55
681,3469,1.86389264765e-05,Kristiansand,Hammerfest,NOR,NOR,58.15,8,70.66667,23.66667,4,8.79,6.16,30.89,34.44
2833,5494,0.000300604909631,Valparaiso,Dutch Hbr.,CHL,USA,-33.01667,-71.63333,53.9,-166.53333,1,14.49,5.94,34.3,32.51
5146,5494,0.0033847763623,Ulsan,Dutch Hbr.,KOR,USA,35.48333,129.4,53.9,-166.53333,3,15.94,5.94,33.67,32.51
4538,1220,7.83797868651e-05,Ghent,Hafnarfjordur,BEL,ISL,51.08806,3.74528,64.06667,-21.91667,1,12.14,6.52,1.55,34.7
4005,1907,8.89367802659e-05,Skagen,Bodo,DNK,NOR,57.71667,10.6,67.28333,14.38333,2,9.46,7.04,27.5,32.78
2298,3469,9.04062668513e-05,Hartlepool,Hammerfest,GBR,NOR,54.7,-1.2,70.66667,23.66667,1,9.6,6.16,34.48,34.44
2347,4158,8.93125842356e-05,Garston,Faskrudhsfjordur,GBR,ISL,53.35,-2.9,64.9295,-14.0119,1,11.64,6.015,20.62,34.471
941,5241,0.0157845429091,Algeciras,Murmansk,ESP,RUS,36.11667,-5.43333,68.96667,33.08333,9,17.78,3.37,36.43,6.55
289,5241,0.0372830034008,Hunterston,Murmansk,GBR,RUS,55.75,-4.88333,68.96667,33.08333,24,10.82,3.37,17.52,6.55
3309,3621,7.59154548119e-05,Torrevieja,Grindavik,ESP,ISL,37.96667,-0.68333,63.83333,-22.43333,6,18.92,7.22,37.28,34.68
4861,3507,7.89829489886e-05,Le Legue,Seydhisfjordur,FRA,ISL,48.53333,-2.71667,65.25,-13.91667,1,12.31,4.1,34.97,23.89
5363,2654,0.000257040831105,Klaipeda,Reydharfjordur,LTU,ISL,55.71667,21.13333,65.0333,-14.2167,2,9.09,6.015,6.66,34.471
5808,3094,0.000112203121711,Stavanger,Olafsfjordur,NOR,ISL,58.96667,5.73333,66.08333,-18.63333,1,8.9,5.03,30.8,34.43
681,1671,0.000165757710551,Kristiansand,Akranes,NOR,ISL,58.15,8,64.31667,-22.08333,3,8.79,7.29,30.89,34.65
212,5082,3.51484770011e-06,Scrabster,Tromso,GBR,NOR,58.61667,-3.53333,69.65,18.96667,1,9.65,4.14,34.8,12.35
2798,5082,5.34668991123e-05,Inverness,Tromso,GBR,NOR,57.5,-4.23333,69.65,18.96667,2,9.48,4.14,12.07,12.35
1012,5082,0.000610864200827,Aberdeen(GBR),Tromso,GBR,NOR,57.15,-2.06667,69.65,18.96667,12,9.88,4.14,34.64,12.35
2993,622,0.00013233670619,Hamburg,Sigerfjord,DEU,NOR,53.55,9.96667,68.6436,15.5161,1,10.61,7.438,25.09,33.372
5256,2019,0.00130064253201,Kolding,Sandgerdhi,DNK,ISL,55.5,9.5,64.05,-22.71667,1,9.54,7.53,19.47,34.71
3978,1220,8.81171337264e-06,Kaliningrad,Hafnarfjordur,RUS,ISL,54.71667,20.51667,64.06667,-21.91667,3,9.3,6.52,7.48,34.7
830,1835,0.0322729293977,Rotterdam,Kjopsvik,NLD,NOR,51.9,4.48333,68.08333,16.38333,1,11.4,6.91,1.78,14.7
5019,2654,0.000129138243883,Dundee,Reydharfjordur,GBR,ISL,56.46667,-2.96667,65.0333,-14.2167,11,9.01,6.015,34.06,34.471
1678,374,8.88345774385e-05,Glasgow,Hammerfall,GBR,NOR,55.86667,-4.28333,67.41667,15.53333,1,10.25,4.7,0.57,10.27
941,4729,0.125616988923,Algeciras,Narvik,ESP,NOR,36.11667,-5.43333,68.43333,17.43333,4,17.78,3.55,36.43,4.16
3124,1060,0.000318710849138,Lerwick,Lodingen,GBR,NOR,60.15,-1.13333,68.41667,16,1,9.54,7.02,35.22,33.47
1602,875,0.000224046773817,Ventspils,Thorshofn,LVA,ISL,57.4,21.55,66.2,-15.33333,1,8.62,4.79,7.89,34.34
1826,1220,9.27233458942e-05,Pasajes,Hafnarfjordur,ESP,ISL,43.33333,-1.93333,64.06667,-21.91667,1,15.24,6.52,35.17,34.7
4825,5241,0.0213942536937,Banana,Murmansk,COD,RUS,-6.01667,12.4,68.96667,33.08333,1,26.8,3.37,31.28,6.55
693,5835,0.0222764577866,Porsgrunn,Advent Bay,NOR,SJM,59.13333,9.65,78.25,15.58333,2,7.63,0.23,8.71,33.73
2559,3218,0.000219074938684,Varberg,Reykjavik,SWE,ISL,57.1,12.25,64.14972,-21.9475,22,9.65,6.52,19.44,34.7
5368,5955,0.0192439130389,Bayonne,Igarka,FRA,RUS,43.5,-1.48333,67.5,86.66667,1,15.72,0.14,11.52,0
4510,1220,0.0131495051037,Guanta,Hafnarfjordur,VEN,ISL,10.25,-64.6,64.06667,-21.91667,1,25.7,6.52,36.67,34.7
253,3034,0.000118738828172,Belfast,Siglufjordur,GBR,ISL,54.6,-5.93333,66.2,-18.86667,1,10.85,4.06,21.04,34.47
5393,1142,0.00058039721907,St. Petersburg,Torshavn,RUS,FRO,59.93333,30.3,62,-6.75,11,7.16,8.39,5,35.17
5844,1239,0.000120220108742,Den Helder,Raufarhofn,NLD,ISL,52.96667,4.78333,66.45,-15.9,1,10.99,4.64,31.49,34.34
2762,4364,9.69028487476e-05,Aalborg,Kirkenes,DNK,NOR,57.05,9.91667,69.73333,30.05,1,9.57,5.23,27.65,16.25
681,4317,0.000228910611633,Kristiansand,Svolvaer,NOR,NOR,58.15,8,68.23333,14.56667,12,8.79,6.05,30.89,32.82
5513,6188,8.03808496818e-05,Dunkirk,Helguvik,FRA,ISL,51.05,2.35,64.38333,-21.46667,1,11.61,4.85,34.35,19.36
2249,875,0.000375673257757,Riga,Thorshofn,LVA,ISL,56.96667,24.1,66.2,-15.33333,2,8.29,4.79,5.57,34.34
1988,374,0.0173408654545,Oslo,Hammerfall,NOR,NOR,59.9,10.71667,67.41667,15.53333,2,7.37,4.7,27.23,10.27
4538,4729,0.179918205473,Ghent,Narvik,BEL,NOR,51.08806,3.74528,68.43333,17.43333,20,12.14,3.55,1.55,4.16
3257,1220,0.0452798766499,Tallinn,Hafnarfjordur,EST,ISL,59.45,24.75,64.06667,-21.91667,12,7.27,6.52,5.81,34.7
2842,2272,0.0858653693574,Yokohama,Nome,JPN,USA,35.45,139.66667,64.51667,-165.41667,1,17.64,1.37,22.49,29.75
2490,1370,0.000237483422091,Maaloy,Keflavik,NOR,ISL,61.91667,5.11667,64,-22.55,2,8.12,7.53,17.88,34.59
1988,1907,8.12412234519e-05,Oslo,Bodo,NOR,NOR,59.9,10.71667,67.28333,14.38333,2,7.37,7.04,27.23,32.78
1602,3507,0.000117854588217,Ventspils,Seydhisfjordur,LVA,ISL,57.4,21.55,65.25,-13.91667,1,8.62,4.1,7.89,23.89
1823,4158,0.000139079394462,Cuxhaven,Faskrudhsfjordur,DEU,ISL,53.86667,8.7,64.9295,-14.0119,1,10.94,6.015,25.09,34.471
1708,5082,0.000177622487216,Moss,Tromso,NOR,NOR,59.43333,10.66667,69.65,18.96667,3,8.11,4.14,27.23,12.35
585,1220,8.05819763414e-05,Ridham Dock,Hafnarfjordur,GBR,ISL,51.38333,0.76667,64.06667,-21.91667,2,12.17,6.52,11.44,34.7
576,5241,0.274760312527,Antwerp,Murmansk,BEL,RUS,51.24472,4.41139,68.96667,33.08333,158,11.97,3.37,0.31,6.55
843,5835,0.052628247894,Amsterdam,Advent Bay,NLD,SJM,52.36667,4.9,78.25,15.58333,2,11.22,0.23,9.95,33.73
938,3218,0.00984390789209,Europoort,Reykjavik,NLD,ISL,51.95,4.08333,64.14972,-21.9475,95,11.41,6.52,31.75,34.7
5645,3034,8.22063042848e-05,Floro,Siglufjordur,NOR,ISL,61.6,5.03333,66.2,-18.86667,3,8.17,4.06,32.45,34.47
1697,1563,0.000155907957835,Bremerhaven,Thorlakshofn,DEU,ISL,53.55,8.58333,63.85,-21.33333,1,10.74,5.96,27.33,34.84
2554,2226,8.01831656777e-05,Sas van Ghent,Gufunes,NLD,ISL,51.23333,3.8,64.15,-21.81667,1,12.1,6,3.47,34.7
3917,1220,0.000235714035912,Boston(USA),Hafnarfjordur,USA,ISL,42.38333,-71.05,64.06667,-21.91667,2,11.82,6.52,16.59,34.7
693,3960,0.0294322643835,Porsgrunn,Dudinka,NOR,RUS,59.13333,9.65,69.4,86.16667,1,7.63,0,8.71,0
